연번,상가유형,호선,역명,상가번호,면적,계약시작일자,계약종료일자,월임대료,사업진행단계
1,개별(일반),1,서울(1)역,150-107,33,2019-05-08,2024-06-06,527100,
2,개별(일반),1,시청(1)역,151-101,29.73,2022-08-02,2027-08-02,3166600,
3,개별(일반),1,시청(1)역,151-103,57.6,2020-02-01,2025-01-31,1858300,
4,개별(일반),1,시청(1)역,151-104,25,2020-12-31,2026-01-30,2470600,
5,네트워크,1,시청(1)역,151-105,25,2021-06-03,2026-08-02,4145884,
6,개별(일반),1,시청(1)역,151-106,14,2017-09-19,2022-11-17,1801800,
7,개별(일반),1,시청(1)역,151-107,22,2020-09-18,2025-10-18,2613800,
8,공실(임대진행),1,종각역,152-101,36.85,,,,5단계. 입찰공고
9,공실,1,종각역,152-104,18.64,,,,1단계. 사업계획 수립중
10,네트워크,1,종각역,152-105,29.3,2022-06-09,2027-06-08,6558547,
11,공실,1,종각역,152-106,30.7,,,,1단계. 사업계획 수립중
12,개별(일반),1,종각역,152-107,11,2021-10-06,2026-11-05,2450000,
13,개별(일반),1,종각역,152-108,12,2021-08-23,2026-09-22,5680000,
14,공실,1,종각역,152-109,42,,,,1단계. 사업계획 수립중
15,개별(일반),1,종각역,152-110,23.14,2022-08-08,2027-09-07,2310000,
16,공실,1,종각역,152-111,16.15,,,,1단계. 사업계획 수립중
17,공실,1,종각역,152-112,21.82,,,,2단계. 시설물 점검
18,개별(일반),1,종각역,152-113,19.14,2022-08-08,2027-09-07,4330000,
19,공실,1,종각역,152-114,29.62,,,,1단계. 사업계획 수립중
20,개별(일반),1,종각역,152-115,29.4,2020-02-24,2025-03-25,8130000,
21,개별(일반),1,종로3가(1)역,153-101,23.4,2018-10-23,2023-11-21,2260000,
22,개별(일반),1,종로3가(1)역,153-102,17.6,2021-08-13,2026-09-12,3550000,
23,공실(임대진행),1,종로3가(1)역,153-104,15,,,,5단계. 입찰공고
24,개별(일반),1,종로3가(1)역,153-106,26,2018-08-14,2023-09-12,4350000,
25,공실,1,종로3가(1)역,153-107,63.95,,,,2단계. 시설물 점검
26,개별(일반),1,종로5가역,154-101,25.13,2021-09-03,2026-10-03,5310000,
27,개별(일반),1,종로5가역,154-107,16.16,2021-09-02,2026-10-02,4110000,
28,개별(일반),1,동묘앞(1)역,159-201,17.7,2020-10-19,2025-11-18,3550000,
29,개별(일반),2,을지로입구역,202-101,85.1,2019-06-01,2024-05-31,2900000,
30,개별(일반),2,을지로입구역,202-102,16.7,2021-08-19,2026-08-19,14500000,
31,개별(일반),2,을지로입구역,202-103,17.2,2022-06-07,2027-06-07,15450000,
32,개별(일반),2,을지로입구역,202-104,17.2,2019-10-15,2024-11-13,14993000,중도해지신청
33,개별(일반),2,을지로입구역,202-105,16.7,2019-12-12,2025-01-10,14403100,
34,개별(일반),2,을지로입구역,202-106,33.9,2021-06-07,2026-07-07,8176600,
35,개별(일반),2,을지로입구역,202-108,32.51,2021-01-04,2026-02-03,12350000,
36,공실(임대진행),2,을지로입구역,202-110,32.2,,,,3단계. 감정평가
37,개별(일반),2,을지로입구역,202-111,17.6,2021-01-04,2026-02-03,6150000,
38,공실(임대진행),2,을지로입구역,202-113,19.47,,,,4단계. 방침수립
39,공실(임대진행),2,을지로입구역,202-114,180,,,,3단계. 감정평가
40,공실(임대진행),2,을지로입구역,202-119,,,,,3단계. 감정평가
41,개별(일반),2,을지로입구역,202-115,26.82,2020-12-21,2026-01-20,5600000,
42,개별(일반),2,을지로입구역,202-116,75.95,2017-11-07,2022-12-06,16137100,
43,네트워크,2,을지로입구역,202-117,16,2021-02-01,2026-06-01,4964659,
44,네트워크,2,을지로입구역,202-118,40,2021-06-03,2026-08-02,5081616,
45,네트워크,2,을지로입구역,202-120,19,2018-11-27,2024-01-25,1914866,
46,개별(일반),2,을지로3가(2)역,203-101,16.2,2020-10-14,2025-11-13,823300,
47,개별(일반),2,을지로3가(2)역,203-102,16.2,2020-11-02,2025-12-02,603600,
48,개별(일반),2,을지로3가(2)역,203-108,11.5,2022-07-28,2027-07-27,636000,
49,개별(일반),2,을지로3가(2)역,203-110,11.5,2019-04-02,2024-05-01,816600,
50,개별(일반),2,을지로3가(2)역,203-112,26,2019-04-02,2024-05-01,1259100,
51,개별(일반),2,을지로3가(2)역,203-114,13,2022-02-21,2027-03-23,905000,
52,개별(일반),2,을지로3가(2)역,203-115,18.96,2020-11-26,2026-01-10,450000,
53,공실(임대진행),2,을지로3가(2)역,203-116,27.9,,,,5단계. 입찰공고
54,개별(일반),2,을지로4가(2)역,204-105,22.84,2022-04-01,2027-04-01,1040000,
55,개별(일반),2,을지로4가(2)역,204-107,23.2,2022-07-28,2027-07-27,501000,
56,개별(일반),2,을지로4가(2)역,204-108,14.9,2021-06-16,2026-07-16,330000,
57,공실(임대진행),2,을지로4가(2)역,204-109,14.9,,,,5단계. 입찰공고
58,개별(일반),2,을지로4가(2)역,204-110,14.9,2022-06-09,2027-06-09,495000,
59,네트워크,2,을지로4가(2)역,204-112,38,2018-01-08,2023-02-16,2143653,
60,개별(일반),2,을지로4가(2)역,204-113,32.8,2020-11-02,2025-12-02,1466600,
61,개별(일반),2,동대문역사문화공원(2)역,205-101,62.2,2021-04-14,2026-05-14,1452000,
62,네트워크,2,동대문역사문화공원(2)역,205-103,31.69,2018-11-16,2024-01-14,17867400,
63,네트워크,2,동대문역사문화공원(2)역,205-104,32.5,2021-02-01,2026-06-01,11100210,
64,개별(일반),2,동대문역사문화공원(2)역,205-105,12,2021-01-04,2026-02-03,4310000,
65,개별(일반),2,동대문역사문화공원(2)역,205-106,25.7,2022-02-21,2027-03-23,7122000,
66,공실(임대진행),2,동대문역사문화공원(2)역,205-107,45.64,,,,5단계. 입찰공고
67,공실(임대진행),2,동대문역사문화공원(2)역,205-109,19.5,,,,4단계. 방침수립
68,개별(일반),2,신당(2)역,206-101,14.82,2020-12-21,2026-01-20,1100000,
69,개별(일반),2,신당(2)역,206-102,11,2018-11-06,2023-12-05,850000,
70,네트워크,2,상왕십리역,207-101,30.6,2020-12-23,2026-03-23,2666031,
71,개별(일반),2,상왕십리역,207-102,37,2022-04-08,2027-04-08,5610000,
72,개별(일반),2,상왕십리역,207-103,30,2021-03-19,2026-04-18,2516600,
73,개별(일반),2,왕십리(2)역,208-105,12.35,2017-09-19,2022-10-18,1129600,
74,개별(일반),2,왕십리(2)역,208-106,12.35,2018-08-14,2023-09-12,1538900,
75,개별(일반),2,왕십리(2)역,208-107,33.68,2020-11-26,2026-01-10,1520000,
76,공실(임대진행),2,왕십리(2)역,208-108,24.5,,,,5단계. 입찰공고
77,공실(임대진행),2,왕십리(2)역,208-109,24.5,,,,5단계. 입찰공고
78,공실(임대진행),2,왕십리(2)역,208-110,44.43,,,,5단계. 입찰공고
79,공실(임대진행),2,왕십리(2)역,208-111,30.06,,,,5단계. 입찰공고
80,공실(임대진행),2,왕십리(2)역,208-112,27.65,,,,5단계. 입찰공고
81,공실,2,왕십리(2)역,208-113,19,,,,1단계. 사업계획 수립중
82,개별(일반),2,한양대역,209-001,46.8,2019-05-21,2024-06-19,418000,
83,개별(일반),2,한양대역,209-002,13.9,2020-04-03,2025-05-03,3170000,
84,개별(일반),2,한양대역,209-003,18,2020-08-03,2025-09-02,3400000,
85,개별(일반),2,한양대역,209-004,90.1,2017-11-07,2022-12-06,4900000,
86,공실,2,한양대역,209-005,20.04,,,,1단계. 사업계획 수립중
87,개별(일반),2,뚝섬역,210-004,14.23,2017-12-27,2023-01-25,661700,
88,개별(일반),2,뚝섬역,210-005,31.2,2022-08-08,2027-09-07,4330000,
89,개별(일반),2,뚝섬역,210-006,13,2020-11-26,2026-01-10,500000,
90,개별(일반),2,뚝섬역,210-007,25.17,2022-05-09,2027-06-08,1410000,
91,개별(일반),2,뚝섬역,210-008,21.99,2017-12-27,2023-01-25,1166700,
92,네트워크,2,성수역,211-002,28.4,2020-12-23,2026-03-23,4012522,
93,개별(일반),2,성수역,211-006,16.28,2022-04-11,2027-05-11,3320000,
94,개별(일반),2,성수역,211-007,32.76,2022-02-18,2027-03-20,1700000,
95,개별(일반),2,성수역,211-010,27,2020-10-30,2025-11-29,2511000,
96,개별(일반),2,성수역,211-011,22.8,2018-07-10,2023-08-08,4800000,
97,개별(일반),2,성수역,211-012,21.3,2019-11-26,2024-12-25,2702700,
98,개별(일반),2,건대입구(2)역,212-002,69.5,2019-06-25,2024-07-24,7512000,
99,개별(일반),2,건대입구(2)역,212-003,22.8,2021-10-27,2026-11-26,2978200,
100,공실(임대진행),2,건대입구(2)역,212-004,19.5,,,,5단계. 입찰공고
101,개별(일반),2,건대입구(2)역,212-005,36.04,2022-02-21,2027-03-23,7070000,
102,개별(일반),2,건대입구(2)역,212-006,29.5,2019-12-24,2025-01-22,5011000,
103,네트워크,2,건대입구(2)역,212-007,29.68,2017-12-29,2023-02-06,6243818,
104,개별(일반),2,건대입구(2)역,212-010,36,2021-10-28,2026-11-27,10810000,
105,개별(일반),2,건대입구(2)역,212-011,35.6,2018-12-25,2024-01-23,6210000,
106,개별(일반),2,건대입구(2)역,212-012,23.42,2022-01-13,2027-02-12,5196800,
107,공실(임대진행),2,구의역,213-001,23.1,,,,5단계. 입찰공고
108,개별(일반),2,구의역,213-003,12.08,2020-04-01,2025-05-01,1687000,
109,네트워크,2,구의역,213-004,50.46,2020-12-23,2026-03-23,6940535,
110,개별(일반),2,구의역,213-006,20,2018-04-10,2023-05-09,1023000,
111,개별(일반),2,구의역,213-007,27.57,2018-12-21,2024-01-19,1000000,
112,네트워크,2,강변역,214-001,36.5,2020-12-23,2026-03-23,8729997,
113,개별(일반),2,강변역,214-004,41,2022-02-14,2027-02-14,14410000,
114,개별(대형),2,잠실나루역,215-001,112.3,2019-04-09,2024-05-08,5500000,
115,개별(일반),2,잠실나루역,215-002,27.54,2021-04-12,2026-05-12,4711000,
116,네트워크,2,잠실나루역,215-003,48.1,2022-06-09,2027-06-08,6956303,
117,개별(일반),2,잠실나루역,215-004,24.8,2021-04-22,2026-05-22,2660000,
118,개별(일반),2,잠실나루역,215-005,25.62,2020-11-26,2026-01-10,2100000,
119,개별(일반),2,잠실나루역,215-006,24,2021-03-15,2026-04-14,2810000,
120,개별(일반),2,잠실나루역,215-007,28.6,2021-06-21,2026-07-21,1230000,
121,개별(대형),2,잠실나루역,215-008,102.5,2018-12-18,2023-12-17,14311000,
122,공실(임대진행),2,잠실(2)역,216-101,15.5,,,,3단계. 감정평가
123,개별(일반),2,잠실(2)역,216-102,21.3,2021-05-24,2026-06-23,9900000,
124,공실(임대진행),2,잠실(2)역,216-103,31.2,,,,3단계. 감정평가
125,개별(일반),2,잠실(2)역,216-105,20.82,2022-06-09,2027-07-09,2500000,
126,개별(일반),2,잠실(2)역,216-107,10.45,2021-01-11,2026-02-10,1620000,
127,개별(일반),2,잠실(2)역,216-108,10.45,2022-05-27,2027-06-26,1630500,
128,개별(일반),2,잠실(2)역,216-109,20.9,2021-12-13,2027-01-12,3500000,
129,개별(일반),2,잠실(2)역,216-111,20.9,2021-06-01,2026-07-01,3100000,
130,개별(일반),2,잠실(2)역,216-113,10.44,2021-05-28,2026-06-27,1750000,
131,네트워크,2,잠실(2)역,216-114,10.38,2021-06-03,2026-08-02,4106615,
132,공실(임대진행),2,잠실(2)역,216-115,37.73,,,,3단계. 감정평가
133,공실(임대진행),2,잠실(2)역,216-120,124.91,,,,3단계. 감정평가
134,공실(임대진행),2,잠실(2)역,216-121,80,,,,3단계. 감정평가
135,공실(임대진행),2,잠실(2)역,216-122,34,,,,3단계. 감정평가
136,공실(임대진행),2,잠실(2)역,216-123,34,,,,3단계. 감정평가
137,공실(임대진행),2,잠실(2)역,216-124,36,,,,3단계. 감정평가
138,네트워크,2,잠실(2)역,216-125,12,2021-02-01,2026-06-01,10072227,
139,개별(일반),2,잠실(2)역,216-126,14.2,2021-02-01,2026-03-03,6150000,
140,개별(일반),2,잠실(2)역,216-127,14,2021-06-01,2026-07-01,8030000,
141,공실(임대진행),2,잠실(2)역,216-128,12,,,,3단계. 감정평가
142,소송상가,2,잠실(2)역,216-129,40.1,2019-09-17,2024-11-15,10636263,
143,네트워크,2,잠실(2)역,216-130,38,2021-06-03,2026-08-02,11719878,
144,공실(임대진행),2,잠실새내역,217-101,24.65,,,,5단계. 입찰공고
145,공실(임대진행),2,잠실새내역,217-102,19.44,,,,3단계. 감정평가
146,개별(일반),2,잠실새내역,217-103,19.44,2021-11-11,2026-12-11,3510000,
147,공실(임대진행),2,종합운동장역,218-101,65.37,,,,5단계. 입찰공고
148,공실(임대진행),2,종합운동장역,218-102,31.1,,,,5단계. 입찰공고
149,개별(일반),2,종합운동장역,218-104,71.8,2022-03-04,2027-03-04,7392500,
150,네트워크,2,종합운동장역,218-107,25,2018-01-08,2023-02-16,3047745,
151,네트워크,2,선릉역,220-101,38.03,2020-12-23,2026-03-23,11892315,
152,개별(일반),2,선릉역,220-102,24.34,2021-02-15,2026-03-17,4440000,
153,개별(일반),2,선릉역,220-103,19.48,2020-12-17,2026-01-16,4166600,
154,네트워크,2,선릉역,220-104,20.21,2021-06-03,2026-08-02,6496749,
155,복합,2,선릉역,220-105,20,2022-02-24,2027-04-25,40550000,
156,복합,2,선릉역,220-106,34.46,2022-02-24,2027-04-25,,
157,복합,2,선릉역,220-107,20,2022-02-24,2027-04-25,,
158,복합,2,선릉역,220-108,24.1,2022-02-24,2027-04-25,,
159,복합,2,선릉역,220-109,18.48,2022-02-24,2027-04-25,,
160,복합,2,선릉역,220-110,19,2022-02-24,2027-04-25,,
161,네트워크,2,선릉역,220-112,13,2021-02-01,2026-06-01,3758111,
162,공실(임대진행),2,선릉역,220-113,18.3,,,,5단계. 입찰공고
163,네트워크,2,선릉역,220-115,16,2018-01-08,2023-02-16,6766430,
164,개별(일반),2,선릉역,220-116,12,2020-12-24,2026-01-23,2600000,
165,개별(일반),2,선릉역,220-117,16,2020-03-02,2025-04-01,4530000,
166,복합,2,역삼역,221-102,361,2022-01-24,2027-05-24,33089200,
167,복합,2,역삼역,221-127,34.02,2022-01-24,2027-05-24,,
168,공실(임대진행),2,역삼역,221-216,26.4,,,,5단계. 입찰공고
169,공실,2,역삼역,221-217,22.5,,,,1단계. 사업계획 수립중
170,네트워크,2,역삼역,221-218,52.32,2021-06-03,2026-08-02,9584313,
171,개별(일반),2,역삼역,221-219,23.18,2021-03-12,2026-04-11,4211300,
172,소송상가,2,역삼역,221-220,107.5,2019-09-17,2024-11-15,17245941,
173,네트워크,2,역삼역,221-224,21,2021-02-01,2026-06-01,2343936,
174,개별(일반),2,역삼역,221-225,13,2020-11-05,2025-12-05,3810000,
175,개별(일반),2,역삼역,221-226,25.8,2022-04-11,2027-05-11,16824000,
176,개별(일반),2,강남역,222-101,26.55,2021-07-12,2026-08-11,10000800,
177,개별(일반),2,강남역,222-102,13.3,2022-05-19,2027-06-18,4550000,
178,공실,2,강남역,222-103,26.6,,,,1단계. 사업계획 수립중
179,네트워크,2,강남역,222-105,35.5,2020-12-23,2026-03-23,22234458,
180,소송상가,2,강남역,222-108,60.97,2019-09-17,2024-11-15,29358258,
181,네트워크,2,강남역,222-109,20.3,2021-06-03,2026-08-02,7178586,
182,네트워크,2,교대(2)역,223-101,18.6,2021-02-01,2026-06-01,4338960,
183,개별(일반),2,교대(2)역,223-102,56.3,2021-01-11,2026-02-10,6683300,
184,개별(일반),2,교대(2)역,223-103,11,2019-11-20,2024-12-19,621900,
185,개별(일반),2,교대(2)역,223-104,18,2022-09-01,2027-10-01,2063300,
186,네트워크,2,교대(2)역,223-105,29.28,2021-06-03,2026-08-02,2933186,
187,개별(일반),2,교대(2)역,223-106,28.05,2022-06-08,2027-06-08,3360000,
188,공실(임대진행),2,교대(2)역,223-107,15,,,,3단계. 감정평가
189,개별(일반),2,교대(2)역,223-108,15,2021-10-26,2026-11-25,11310000,
190,공실,2,서초역,224-101,21.82,,,,1단계. 사업계획 수립중
191,네트워크,2,서초역,224-102,20.6,2021-06-03,2026-08-02,2896848,
192,공실(임대진행),2,서초역,224-103,32.02,,,,5단계. 입찰공고
193,네트워크,2,서초역,224-104,32.02,2022-06-09,2027-06-08,9933412,
194,네트워크,2,서초역,224-107,16,2021-11-22,2027-01-21,2409452,
195,개별(일반),2,서초역,224-108,17.8,2020-06-22,2025-07-22,2525200,
196,개별(일반),2,서초역,224-109,16,2019-06-25,2024-07-24,4020000,
197,네트워크,2,방배역,225-101,27,2020-12-23,2026-03-23,2722601,
198,개별(일반),2,방배역,225-104,19.32,2021-10-18,2026-11-17,2150000,
199,개별(일반),2,방배역,225-105,17.85,2019-09-22,2024-09-21,1700000,
200,개별(일반),2,방배역,225-106,20.43,2022-01-18,2027-02-17,2503000,
201,공실,2,방배역,225-107,19.43,,,,2단계. 시설물 점검
202,개별(일반),2,방배역,225-109,18,2022-06-17,2027-07-17,740000,
203,개별(일반),2,사당(2)역,226-101,65.5,2021-06-03,2026-07-03,15833300,
204,네트워크,2,사당(2)역,226-102,57.72,2020-12-23,2026-03-23,26027971,
205,네트워크,2,사당(2)역,226-104,20.2,2021-11-22,2027-01-21,5875337,
206,소송상가,2,사당(2)역,226-105,137,2019-09-17,2024-11-15,28555111,
207,공실(임대진행),2,사당(2)역,226-107,11.45,,,,3단계. 감정평가
208,개별(일반),2,사당(2)역,226-108,26.4,2018-05-09,2023-06-07,12034000,
209,개별(일반),2,사당(2)역,226-110,14.96,2020-07-31,2025-08-30,5133000,
210,네트워크,2,사당(2)역,226-112,23,2021-02-01,2026-06-01,10679418,
211,개별(일반),2,사당(2)역,226-113,22,2018-09-07,2023-10-06,6020000,
212,개별(일반),2,사당(2)역,226-114,25.04,2019-12-24,2025-01-22,5003800,
213,개별(일반),2,사당(2)역,226-115,12.84,2019-11-26,2024-12-25,7000000,
214,개별(일반),2,사당(2)역,226-116,15.3,2022-06-17,2027-07-17,7070000,
215,네트워크,2,낙성대역,227-101,16.7,2021-06-03,2026-08-02,1775349,
216,개별(일반),2,낙성대역,227-102,20.94,2020-08-03,2025-09-02,3210000,
217,공실,2,낙성대역,227-103,21.28,,,,2단계. 시설물 점검
218,개별(일반),2,낙성대역,227-104,112.42,2019-11-02,2024-12-31,1010000,
219,네트워크,2,서울대입구역,228-101,26.64,2020-12-23,2026-03-23,5906786,
220,네트워크,2,서울대입구역,228-103,14,2021-02-01,2026-06-01,4484731,
221,네트워크,2,서울대입구역,228-105,29.26,2017-12-29,2023-02-06,9284039,
222,네트워크,2,봉천역,229-101,27.81,2022-06-20,2027-08-19,3034000,
223,네트워크,2,봉천역,229-103,17.61,2018-11-16,2024-01-14,,
224,네트워크,2,신림역,230-104,15,2021-02-01,2026-06-01,6998323,
225,개별(일반),2,신림역,230-105,14,2017-11-07,2022-12-06,5010000,
226,개별(일반),2,신림역,230-106,16,2017-11-07,2022-12-06,7527000,
227,개별(일반),2,신림역,230-107,8,2021-06-03,2026-07-03,4550000,
228,개별(일반),2,신림역,230-109,13,2020-12-21,2026-01-20,8520000,
229,네트워크,2,신대방역,231-001,27.8,2022-06-09,2027-06-08,4751738,
230,개별(일반),2,신대방역,231-003,24.9,2019-10-29,2024-11-27,3423000,
231,네트워크,2,신대방역,231-004,240.3,2021-06-03,2026-08-02,18396736,
232,개별(대형),2,구로디지털단지역,232-001,103,2021-01-18,2026-03-18,17010000,
233,개별(일반),2,구로디지털단지역,232-002,29,2022-06-17,2027-07-17,13000900,
234,네트워크,2,구로디지털단지역,232-003,10.66,2017-12-29,2023-02-06,6773016,
235,개별(대형),2,구로디지털단지역,232-004,100.8,2020-08-03,2025-09-02,10230000,
236,개별(일반),2,대림(2)역,233-002,15.76,2021-05-26,2026-06-25,4210000,
237,개별(일반),2,대림(2)역,233-004,14.93,2022-06-09,2027-07-09,6250000,
238,개별(일반),2,대림(2)역,233-006,14.93,2020-09-11,2025-10-11,11100000,
239,개별(일반),2,대림(2)역,233-007,14.93,2020-07-29,2025-08-28,6510000,
240,개별(일반),2,대림(2)역,233-008,19.47,2020-12-21,2026-01-20,9600000,
241,네트워크,2,대림(2)역,233-010,20,2022-06-09,2027-06-08,6295008,
242,공실,2,대림(2)역,233-013,15.5,,,,1단계. 사업계획 수립중
243,개별(일반),2,대림(2)역,233-014,14,2022-04-11,2027-05-11,9132000,
244,개별(일반),2,대림(2)역,233-015,33,2019-11-26,2024-12-25,13030000,
245,네트워크,2,신도림역,234-104,24.13,2020-12-23,2026-03-23,6022805,
246,네트워크,2,신도림역,234-108,25,2022-06-09,2027-06-08,13861339,
247,개별(일반),2,신도림역,234-109,34.49,2018-12-28,2024-01-26,7800000,
248,개별(일반),2,신도림역,234-110,12,2021-08-12,2026-09-11,12085000,
249,개별(일반),2,신도림역,234-112,44.6,2021-11-18,2026-12-18,6120000,
250,네트워크,2,신도림역,234-113,40.8,2018-11-27,2024-01-25,4424221,
251,개별(일반),2,신도림역,234-114,44.6,2021-06-17,2026-07-17,6050000,
252,개별(일반),2,신도림역,234-115,22.5,2021-09-03,2026-10-03,3310000,
253,개별(일반),2,신도림역,234-116,22.5,2020-02-24,2025-03-25,3269500,
254,네트워크,2,신도림역,234-117,27.4,2018-11-16,2024-01-14,4706888,
255,공실(임대진행),2,신도림역,234-118,18.8,,,,5단계. 입찰공고
256,소송상가,2,신도림역,234-119,85.5,2019-09-17,2024-11-15,22737727,
257,네트워크,2,문래역,235-101,28.29,2020-12-23,2026-03-23,2660399,
258,개별(일반),2,문래역,235-102,17,2020-11-26,2025-12-26,4019000,
259,개별(일반),2,문래역,235-103,42,2020-02-24,2025-03-25,3608800,
260,개별(일반),2,문래역,235-104,17.83,2020-11-09,2025-12-09,1180000,
261,복합,2,영등포구청(2)역,236-102,19.88,2019-07-15,2024-10-23,23850000,
262,복합,2,영등포구청(2)역,236-103,26.01,2019-07-15,2024-10-23,,
263,복합,2,영등포구청(2)역,236-105,24.14,2019-07-15,2024-10-23,,
264,복합,2,영등포구청(2)역,236-112,28.93,2019-07-15,2024-10-23,,
265,복합,2,영등포구청(2)역,236-113,17.13,2019-07-15,2024-10-23,,
266,복합,2,영등포구청(2)역,236-114,29.07,2019-07-15,2024-10-23,,
267,개별(일반),2,당산역,237-001,22,2021-04-22,2026-05-22,3130000,
268,개별(일반),2,당산역,237-002,26.14,2022-08-08,2027-09-07,8706600,
269,공실(임대진행),2,당산역,237-004,35.64,,,,4단계. 방침수립
270,개별(일반),2,당산역,237-005,25,2021-11-25,2026-12-25,2830000,
271,개별(일반),2,당산역,237-007,60.04,2019-12-10,2025-01-08,5359000,
272,개별(일반),2,당산역,237-008,12,2018-04-10,2023-05-09,2810000,
273,개별(일반),2,합정(2)역,238-101,30.74,2021-11-18,2026-12-18,5851900,
274,개별(일반),2,합정(2)역,238-102,31.41,2020-02-24,2025-03-25,6550000,
275,개별(일반),2,합정(2)역,238-103,18.47,2020-11-03,2025-12-03,3710000,
276,개별(일반),2,합정(2)역,238-104,17.6,2022-01-28,2027-02-27,11757000,
277,개별(일반),2,합정(2)역,238-105,13.65,2021-05-27,2026-06-26,4419000,
278,개별(일반),2,합정(2)역,238-106,13.16,2022-07-08,2027-08-07,1750000,
279,네트워크,2,합정(2)역,238-107,26.59,2020-12-23,2026-03-23,6781462,
280,개별(일반),2,합정(2)역,238-109,13.69,2020-05-27,2025-06-26,3620000,
281,개별(일반),2,합정(2)역,238-110,13.69,2017-11-07,2022-12-06,4210000,
282,개별(일반),2,합정(2)역,238-111,38.05,2022-08-08,2027-09-07,10010000,
283,복합,2,합정(2)역,238-112,29.89,2022-08-29,2027-11-27,21500000,
284,복합,2,합정(2)역,238-113,42.23,2022-08-29,2027-11-27,,
285,복합,2,합정(2)역,238-115,60.05,2022-08-29,2027-11-27,,
286,복합,2,합정(2)역,238-116,27.49,2022-08-29,2027-11-27,,
287,복합,2,홍대입구역,239-102,33,2021-03-22,2026-07-20,9613837,
288,복합,2,홍대입구역,239-103,17.11,2021-03-22,2026-07-20,5192551,
289,복합,2,홍대입구역,239-104,32.73,2021-03-22,2026-07-20,9932939,
290,복합,2,홍대입구역,239-105,23.1,2021-03-22,2026-07-20,25274548,
291,복합,2,홍대입구역,239-106,28.02,2021-03-22,2026-07-20,,
292,복합,2,홍대입구역,239-107,34.76,2021-03-22,2026-07-20,,
293,복합,2,홍대입구역,239-108,31,2021-03-22,2026-07-20,9031258,
294,네트워크,2,홍대입구역,239-110,12,2020-12-23,2026-03-23,7428858,
295,네트워크,2,신촌역,240-101,33,2020-12-23,2026-03-23,17632662,
296,공실(임대진행),2,신촌역,240-103,9.8,,,,3단계. 감정평가
297,개별(일반),2,신촌역,240-104,13.2,2020-12-21,2026-01-20,8250000,
298,공실(임대진행),2,신촌역,240-105,30.17,,,,3단계. 감정평가
299,공실,2,신촌역,240-106,11.25,,,,1단계. 사업계획 수립중
300,개별(일반),2,신촌역,240-107,21,2021-01-28,2026-02-28,6783300,
301,네트워크,2,신촌역,240-108,18,2021-02-01,2026-06-01,8217169,
302,개별(일반),2,신촌역,240-109,32,2022-03-28,2027-04-27,12538400,
303,네트워크,2,신촌역,240-110,44.42,2022-06-09,2027-06-08,15722645,
304,공실,2,이대역,241-102,14.5,,,,1단계. 사업계획 수립중
305,공실,2,이대역,241-103,13.51,,,,1단계. 사업계획 수립중
306,개별(일반),2,이대역,241-104,21.13,2022-04-04,2027-05-04,3020000,
307,공실(임대진행),2,이대역,241-106,27.66,,,,4단계. 방침수립
308,공실,2,이대역,241-107,20,,,,1단계. 사업계획 수립중
309,공실,2,이대역,241-108,33,,,,1단계. 사업계획 수립중
310,네트워크,2,아현역,242-101,35.2,2020-12-23,2026-03-23,2353016,
311,공실(임대진행),2,아현역,242-103,34.8,,,,5단계. 입찰공고
312,개별(일반),2,아현역,242-105,22.58,2021-02-15,2026-04-01,460000,
313,공실(임대진행),2,아현역,242-107,24.05,,,,5단계. 입찰공고
314,네트워크,2,아현역,242-109,25,2022-06-20,2027-08-19,1124425,
315,네트워크,2,충정로(2)역,243-201,26.12,2020-12-23,2026-03-23,5693895,
316,공실,2,충정로(2)역,243-205,20,,,,1단계. 사업계획 수립중
317,개별(일반),2,충정로(2)역,243-206,15,2019-11-26,2024-12-25,3512000,
318,개별(일반),2,양천구청역,248-101,18.84,2021-02-22,2026-03-24,886500,
319,네트워크,2,양천구청역,248-102,26.04,2022-06-20,2027-08-19,965550,
320,네트워크,2,신정네거리역,249-203,42.45,2022-06-20,2027-08-19,1622575,
321,공실,3,연신내(3)역,311-102,38.3,,,,1단계. 사업계획 수립중
322,개별(일반),3,연신내(3)역,311-103,29.9,2018-07-10,2023-08-08,2565000,
323,개별(일반),3,연신내(3)역,311-106,19.96,2019-09-23,2024-09-22,965000,
324,개별(일반),3,연신내(3)역,311-108,19.96,2018-09-29,2023-10-28,1705100,
325,개별(일반),3,연신내(3)역,311-113,22,2018-08-14,2023-09-12,1583300,
326,개별(일반),3,불광(3)역,312-102,12.99,2022-06-17,2027-07-17,500000,
327,개별(일반),3,불광(3)역,312-103,13.02,2021-09-08,2026-10-08,337800,
328,네트워크,3,불광(3)역,312-104,39.05,2022-09-07,2028-02-04,1137386,
329,공실,3,불광(3)역,312-109,13.03,,,,1단계. 사업계획 수립중
330,공실,3,불광(3)역,312-110,13.03,,,,1단계. 사업계획 수립중
331,네트워크,3,불광(3)역,312-113,18.81,2020-12-23,2026-03-23,1135946,
332,개별(일반),3,불광(3)역,312-114,35,2020-12-02,2026-01-01,1800000,
333,공실,3,불광(3)역,312-115,23,,,,2단계. 시설물 점검
334,개별(일반),3,불광(3)역,312-117,46,2020-12-22,2026-01-21,2200000,
335,개별(대형),3,녹번역,313-101,103.85,2020-02-14,2025-03-14,1879100,
336,개별(일반),3,녹번역,313-106,19.3,2020-11-23,2025-12-23,485000,
337,개별(일반),3,녹번역,313-107,12.65,2018-10-30,2023-11-28,418000,
338,개별(일반),3,녹번역,313-108,13.47,2020-08-03,2025-09-02,530000,
339,개별(일반),3,녹번역,313-110,29.3,2020-02-21,2025-03-22,698000,
340,공실,3,홍제역,314-104,14.41,,,,1단계. 사업계획 수립중
341,공실,3,홍제역,314-106,14.41,,,,1단계. 사업계획 수립중
342,공실,3,홍제역,314-116,14.41,,,,1단계. 사업계획 수립중
343,공실,3,홍제역,314-117,14.41,,,,1단계. 사업계획 수립중
344,개별(대형),3,홍제역,314-118,1351,2022-02-24,2027-04-25,46465000,
345,개별(일반),3,홍제역,314-220,15.52,2020-11-30,2025-12-30,2420400,
346,공실,3,홍제역,314-221,16.8,,,,1단계. 사업계획 수립중
347,네트워크,3,경복궁역,317-201,25.5,2021-02-01,2026-06-01,1508490,
348,개별(일반),3,안국역,318-201,19.5,2020-05-19,2025-06-18,611000,
349,개별(일반),3,안국역,318-205,28.8,2019-11-22,2024-12-21,660000,
350,개별(일반),3,안국역,318-206,28.8,2022-02-21,2027-03-23,909200,
351,개별(일반),3,안국역,318-207,18.8,2020-06-22,2025-07-22,1166600,
352,개별(일반),3,안국역,318-208,18.8,2020-05-18,2025-06-17,3333500,
353,개별(일반),3,안국역,318-210,20.5,2020-10-31,2025-10-31,392000,
354,개별(일반),3,안국역,318-211,41,2019-05-21,2024-06-19,509400,
355,개별(일반),3,안국역,318-214,19.09,2022-06-13,2027-06-13,451800,
356,개별(일반),3,안국역,318-317,27.57,2021-04-22,2026-05-22,1700000,
357,개별(일반),3,종로3가(3)역,319-101,19.5,2020-11-09,2025-12-09,4800000,
358,복합,3,종로3가(3)역,319-205,248.9,2022-01-24,2027-05-24,,
359,네트워크,3,종로3가(3)역,319-304,11,2021-02-01,2026-06-01,2529218,
360,개별(일반),3,종로3가(3)역,319-306,21,2020-12-31,2026-01-30,3000000,
361,개별(일반),3,종로3가(3)역,319-307,47,2018-09-07,2023-10-06,20300000,
362,개별(일반),3,종로3가(3)역,319-308,40,2018-12-25,2024-01-23,7020100,
363,공실,3,종로3가(3)역,319-309,20,,,,1단계. 사업계획 수립중
364,개별(일반),3,종로3가(3)역,319-310,20,2018-09-07,2023-10-06,7257000,
365,개별(일반),3,종로3가(3)역,319-311,15.4,2022-05-13,2027-06-12,6111600,
366,개별(일반),3,을지로3가(3)역,320-208,10.2,2020-10-19,2025-11-18,1410000,
367,개별(일반),3,을지로3가(3)역,320-210,20,2020-06-22,2025-07-22,1900000,
368,개별(일반),3,을지로3가(3)역,320-212,26.4,2021-08-30,2026-09-29,4567800,
369,개별(일반),3,동대입구역,322-201,17.04,2022-02-15,2027-02-15,1201000,
370,개별(일반),3,동대입구역,322-203,33.46,2019-12-12,2025-01-10,311667,
371,개별(일반),3,동대입구역,322-205,33.3,2021-06-04,2026-07-04,300000,
372,개별(일반),3,동대입구역,322-207,37.52,2020-11-03,2025-12-03,328100,
373,개별(일반),3,동대입구역,322-209,16.8,2021-04-20,2026-04-20,153600,
374,개별(일반),3,동대입구역,322-210,33.7,2020-08-13,2025-09-12,1101000,
375,공실,3,동대입구역,322-212,17.14,,,,1단계. 사업계획 수립중
376,개별(일반),3,동대입구역,322-213,33.37,2019-10-25,2024-11-23,1635700,
377,네트워크,3,약수(3)역,323-101,22.32,2020-12-23,2026-03-23,3780596,
378,네트워크,3,약수(3)역,323-104,11.57,2017-12-29,2023-02-06,3246217,
379,네트워크,3,금호역,324-101,50.3,2020-12-23,2026-03-23,2285262,
380,개별(일반),3,금호역,324-108,28,2020-11-16,2025-12-16,750000,
381,개별(일반),3,금호역,324-109,25.3,2021-08-13,2026-08-13,1675000,
382,개별(일반),3,금호역,324-110,18.61,2022-02-15,2027-03-17,808000,
383,개별(일반),3,금호역,324-111,21,2020-11-09,2025-12-09,1082300,
384,네트워크,3,옥수역,325-001,41.64,2020-12-23,2026-03-23,4736736,
385,개별(대형),3,옥수역,325-010,555,2020-03-23,2025-04-22,13500000,
386,개별(일반),3,옥수역,325-012,18.9,2019-06-21,2024-07-20,2010000,
387,개별(일반),3,옥수역,325-013,11.6,2022-01-28,2027-02-27,3640000,
388,개별(일반),3,압구정역,326-102,37,2022-02-03,2027-03-05,7200000,
389,네트워크,3,압구정역,326-103,23.76,2020-12-23,2026-03-23,7195687,
390,네트워크,3,압구정역,326-104,18.62,2018-11-27,2024-01-25,2392531,
391,네트워크,3,압구정역,326-105,12.3,2021-02-01,2026-06-01,1716096,
392,개별(일반),3,압구정역,326-106,26,2021-04-22,2026-05-22,3371000,
393,개별(일반),3,신사역,327-101,25.39,2021-05-25,2026-06-24,5010000,
394,개별(일반),3,신사역,327-103,31.3,2022-01-28,2027-02-27,15730000,
395,개별(일반),3,신사역,327-104,23.7,2021-06-03,2026-07-03,2533400,
396,개별(일반),3,신사역,327-105,23.7,2021-02-01,2026-03-03,2810000,
397,네트워크,3,신사역,327-106,23.7,2018-11-16,2024-01-14,3284815,
398,개별(일반),3,신사역,327-107,23.7,2019-04-02,2024-05-01,3150000,
399,개별(일반),3,신사역,327-109,47.4,2021-01-18,2026-02-17,4533300,
400,개별(일반),3,신사역,327-111,23.7,2020-08-20,2025-09-19,2690000,
401,네트워크,3,신사역,327-112,23.7,2021-06-03,2026-08-02,1865403,
402,개별(일반),3,신사역,327-113,18.2,2021-08-31,2026-09-30,7120000,
403,개별(일반),3,신사역,327-114,18.05,2019-12-10,2025-01-08,2520000,
404,개별(일반),3,신사역,327-115,17.36,2020-11-26,2026-01-10,1520000,
405,네트워크,3,신사역,327-116,16,2021-02-01,2026-06-01,2214461,
406,네트워크,3,신사역,327-117,29.06,2017-12-29,2023-02-06,6915082,
407,복합,3,고속터미널(3)역,329-111,7475.19,2016-03-15,2026-11-09,284622927,
408,복합,3,고속터미널(3)역,329-112,,2016-03-15,2026-11-09,,
409,복합,3,고속터미널(3)역,329-113,,2016-03-15,2026-11-09,,
410,복합,3,고속터미널(3)역,329-114,,2016-03-15,2026-11-09,,
411,복합,3,고속터미널(3)역,329-115,,2016-03-15,2026-11-09,,
412,복합,3,고속터미널(3)역,329-116,,2016-03-15,2026-11-09,,
413,복합,3,고속터미널(3)역,329-117,,2016-03-15,2026-11-09,,
414,복합,3,고속터미널(3)역,329-118,,2016-03-15,2026-11-09,,
415,복합,3,고속터미널(3)역,329-119,,2016-03-15,2026-11-09,,
416,복합,3,고속터미널(3)역,329-120,,2016-03-15,2026-11-09,,
417,복합,3,고속터미널(3)역,329-121,,2016-03-15,2026-11-09,,
418,복합,3,고속터미널(3)역,329-122,,2016-03-15,2026-11-09,,
419,복합,3,고속터미널(3)역,329-123,,2016-03-15,2026-11-09,,
420,복합,3,고속터미널(3)역,329-124,,2016-03-15,2026-11-09,,
421,복합,3,고속터미널(3)역,329-125,,2016-03-15,2026-11-09,,
422,복합,3,고속터미널(3)역,329-126,,2016-03-15,2026-11-09,,
423,복합,3,고속터미널(3)역,329-127,,2016-03-15,2026-11-09,,
424,복합,3,고속터미널(3)역,329-128,,2016-03-15,2026-11-09,,
425,복합,3,고속터미널(3)역,329-129,,2016-03-15,2026-11-09,,
426,복합,3,고속터미널(3)역,329-130,,2016-03-15,2026-11-09,,
427,복합,3,고속터미널(3)역,329-131,,2016-03-15,2026-11-09,,
428,복합,3,고속터미널(3)역,329-132,,2016-03-15,2026-11-09,,
429,복합,3,고속터미널(3)역,329-133,,2016-03-15,2026-11-09,,
430,복합,3,고속터미널(3)역,329-134,,2016-03-15,2026-11-09,,
431,복합,3,고속터미널(3)역,329-135,,2016-03-15,2026-11-09,,
432,복합,3,고속터미널(3)역,329-136,,2016-03-15,2026-11-09,,
433,복합,3,고속터미널(3)역,329-137,,2016-03-15,2026-11-09,,
434,복합,3,고속터미널(3)역,329-138,,2016-03-15,2026-11-09,,
435,복합,3,고속터미널(3)역,329-139,,2016-03-15,2026-11-09,,
436,복합,3,고속터미널(3)역,329-140,,2016-03-15,2026-11-09,,
437,복합,3,고속터미널(3)역,329-141,,2016-03-15,2026-11-09,,
438,복합,3,고속터미널(3)역,329-142,,2016-03-15,2026-11-09,,
439,복합,3,고속터미널(3)역,329-143,,2016-03-15,2026-11-09,,
440,복합,3,고속터미널(3)역,329-144,,2016-03-15,2026-11-09,,
441,네트워크,3,고속터미널(3)역,329-201,28.8,2020-12-23,2026-03-23,15587596,
442,개별(일반),3,고속터미널(3)역,329-203,33.75,2022-02-21,2027-03-23,22300000,
443,복합,3,고속터미널(3)역,329-204,106.63,2021-03-22,2026-07-20,48204012,
444,복합,3,고속터미널(3)역,329-205,61.37,2021-03-22,2026-07-20,21472664,
445,복합,3,고속터미널(3)역,329-206,20.45,2021-03-22,2026-07-20,9244791,
446,개별(일반),3,교대(3)역,330-101,75.3,2019-05-14,2024-06-12,485000,
447,소송상가,3,교대(3)역,330-102,37.7,2019-06-21,2024-07-20,583500,
448,개별(일반),3,교대(3)역,330-103,37.7,2022-06-07,2027-07-07,994600,
449,소송상가,3,교대(3)역,330-104,37.7,2019-06-21,2024-07-20,583500,
450,개별(대형),3,교대(3)역,330-105,113.1,2021-08-13,2026-08-13,5376800,
451,개별(대형),3,교대(3)역,330-106,146,2019-04-30,2024-05-29,515600,
452,개별(일반),3,교대(3)역,330-107,111.37,2019-04-02,2024-05-31,3320000,
453,개별(일반),3,교대(3)역,330-109,75.4,2019-04-02,2024-05-31,,
454,개별(일반),3,교대(3)역,330-111,37.7,2022-01-28,2027-02-27,1227500,
455,개별(일반),3,교대(3)역,330-112,37.7,2021-02-02,2026-03-04,950000,
456,개별(일반),3,교대(3)역,330-113,91.4,2019-05-14,2024-06-12,485800,
457,개별(일반),3,양재역,332-102,27.2,2018-05-01,2023-05-30,4391600,
458,네트워크,3,양재역,332-103,44.88,2018-11-16,2024-01-14,6220358,
459,네트워크,3,양재역,332-104,44.98,2018-11-16,2024-01-14,,
460,개별(일반),3,양재역,332-105,51.92,2020-12-24,2026-01-23,5250000,
461,네트워크,3,양재역,332-106,20,2021-02-01,2026-06-01,4866457,
462,공실(임대진행),3,양재역,332-108,18,,,,5단계. 입찰공고
463,개별(일반),3,양재역,332-110,40,2020-11-06,2025-12-06,4110000,
464,네트워크,3,양재역,332-111,21,2021-11-22,2027-01-21,2414050,
465,개별(일반),3,매봉역,333-101,9.41,2020-09-14,2025-10-29,566600,
466,개별(일반),3,매봉역,333-102,26,2020-10-19,2025-11-18,2520000,
467,개별(일반),3,매봉역,333-103,16,2018-10-12,2023-11-10,2421000,
468,개별(일반),3,매봉역,333-104,15.77,2021-11-05,2026-12-05,2016600,
469,개별(일반),3,도곡역,334-102,23.18,2021-11-09,2026-12-09,2357000,
470,개별(일반),3,도곡역,334-103,21.9,2020-02-07,2025-03-07,867500,
471,개별(일반),3,도곡역,334-104,25.04,2020-02-07,2025-03-07,991800,
472,개별(일반),3,도곡역,334-201,28.2,2019-06-25,2024-07-24,1585000,
473,개별(일반),3,대청역,337-102,26.61,2020-02-24,2025-03-25,2516600,
474,개별(일반),3,대청역,337-103,23,2020-09-17,2025-10-17,1273000,
475,공실(임대진행),3,일원역,338-M01,61.48,,,,5단계. 입찰공고
476,개별(일반),3,일원역,338-102,46,2018-08-28,2023-09-26,5280000,
477,개별(일반),3,일원역,338-104,51,2020-08-31,2025-09-30,3511000,
478,개별(대형),3,일원역,338-M05,808,2018-03-10,2023-04-18,8335000,
479,개별(일반),3,일원역,338-106,51.7,2020-10-12,2025-11-11,467500,
480,개별(일반),3,수서역,339-101,27.54,2022-02-21,2027-03-23,11100000,
481,네트워크,3,수서역,339-107,38.9,2021-06-03,2026-08-02,1681327,
482,개별(일반),3,수서역,339-108,20.1,2021-08-13,2026-09-12,5054000,
483,네트워크,3,수서역,339-109,20.1,2021-11-22,2027-01-21,947227,
484,개별(일반),3,수서역,339-110,21,2021-10-21,2026-11-20,9071500,
485,개별(일반),3,수서역,339-111,21,2017-11-28,2022-12-27,2640000,
486,개별(일반),3,수서역,339-112,28.28,2017-11-28,2022-12-27,3019900,
487,개별(일반),3,수서역,339-113,24,2018-07-10,2023-08-08,7302800,
488,개별(일반),3,수서역,339-114,24,2018-07-10,2023-08-08,3523300,
489,개별(일반),3,가락시장(3)역,340-101,21,2021-05-27,2026-06-26,1200000,
490,개별(일반),3,경찰병원역,341-101,57,2022-01-28,2027-02-27,3520000,
491,개별(일반),3,경찰병원역,341-102,37.4,2021-08-12,2026-09-11,3500000,
492,개별(일반),4,당고개역,409-011,23.88,2022-04-11,2027-04-11,452000,
493,공실,4,당고개역,409-012,21.8,,,,1단계. 사업계획 수립중
494,개별(일반),4,당고개역,409-022,56.3,2022-05-10,2027-06-09,500000,
495,네트워크,4,당고개역,409-027,28.01,2022-06-20,2027-08-19,1732250,
496,개별(대형),4,당고개역,409-028,311,2021-02-08,2026-04-09,11007000,
497,개별(일반),4,당고개역,409-029,27.84,2020-08-13,2025-09-12,2307000,
498,개별(일반),4,상계역,410-001,26.2,2020-11-23,2025-12-23,1418300,
499,네트워크,4,상계역,410-006,21.5,2022-09-07,2028-02-04,1560627,
500,개별(일반),4,상계역,410-007,21.5,2021-03-12,2026-04-11,1516600,
501,개별(대형),4,상계역,410-008,100,2018-09-22,2023-10-21,7410300,
502,공실,4,상계역,410-009,32.16,,,,1단계. 사업계획 수립중
503,개별(일반),4,상계역,410-010,32.16,2021-09-09,2026-10-09,2720000,
504,개별(일반),4,상계역,410-011,25.99,2022-05-13,2027-06-12,1500500,
505,개별(일반),4,상계역,410-012,29.11,2022-05-13,2027-06-12,1410100,
506,개별(일반),4,상계역,410-013,48,2022-05-13,2027-06-12,2310000,
507,개별(일반),4,상계역,410-014,59.5,2021-08-13,2026-09-12,2810000,
508,개별(일반),4,노원(4)역,411-001,29.9,2020-12-22,2026-01-21,700000,
509,개별(일반),4,노원(4)역,411-003,14.91,2020-08-03,2025-09-02,1650000,
510,개별(일반),4,창동역,412-001,11,2021-01-14,2026-02-13,2510000,
511,공실(임대진행),4,창동역,412-003,23,,,,3단계. 감정평가
512,개별(일반),4,창동역,412-004,58.5,2020-11-03,2025-11-03,8626000,
513,공실(임대진행),4,쌍문역,413-101,20.2,,,,5단계. 입찰공고
514,네트워크,4,수유역,414-101,13.4,2018-11-16,2024-01-14,1772817,
515,개별(일반),4,수유역,414-102,18.67,2020-02-24,2025-03-25,4033000,
516,개별(일반),4,수유역,414-103,18.43,2018-05-09,2023-06-07,969000,
517,네트워크,4,수유역,414-104,10.4,2018-11-27,2024-01-25,1498848,
518,네트워크,4,수유역,414-105,12,2021-06-03,2026-08-02,5176243,
519,네트워크,4,수유역,414-106,23,2022-06-09,2027-06-08,10846008,
520,개별(일반),4,수유역,414-107,22.42,2017-12-27,2023-01-25,12021600,
521,공실(임대진행),4,미아역,415-101,31.6,,,,5단계. 입찰공고
522,공실,4,미아역,415-102,50.24,,,,1단계. 사업계획 수립중
523,공실,4,미아역,415-103,50.24,,,,1단계. 사업계획 수립중
524,개별(일반),4,미아사거리역,416-101,44.4,2021-03-15,2026-04-14,7330000,
525,개별(일반),4,미아사거리역,416-104,14.8,2021-04-12,2026-05-12,1700000,
526,공실(임대진행),4,미아사거리역,416-105,12,,,,5단계. 입찰공고
527,개별(일반),4,미아사거리역,416-106,20.78,2021-03-15,2026-04-14,6054000,
528,개별(일반),4,미아사거리역,416-107,22.56,2018-05-01,2023-05-30,1570500,
529,개별(일반),4,미아사거리역,416-108,16.88,2020-12-07,2026-01-21,710000,
530,개별(일반),4,미아사거리역,416-109,17.24,2020-08-20,2025-09-19,980000,
531,개별(일반),4,미아사거리역,416-110,33.76,2018-09-04,2023-10-03,3666600,
532,개별(일반),4,미아사거리역,416-112,17.24,2019-09-23,2024-09-22,1030000,
533,개별(일반),4,미아사거리역,416-113,13.22,2019-04-09,2024-05-08,650000,
534,네트워크,4,미아사거리역,416-114,17.06,2018-11-16,2024-01-14,1665905,
535,개별(일반),4,미아사거리역,416-115,18.66,2021-08-18,2026-09-17,990000,
536,개별(일반),4,미아사거리역,416-116,33.94,2017-06-06,2022-06-05,3050000,
537,개별(일반),4,미아사거리역,416-118,24.02,2018-09-14,2023-10-13,2200000,
538,개별(일반),4,미아사거리역,416-119,13.86,2021-01-08,2026-02-07,3980000,
539,개별(일반),4,미아사거리역,416-120,29.03,2022-08-08,2027-09-07,7370000,
540,네트워크,4,미아사거리역,416-121,24,2021-02-01,2026-06-01,7795261,
541,개별(일반),4,미아사거리역,416-122,31,2022-01-28,2027-02-27,10521600,
542,네트워크,4,미아사거리역,416-123,12,2021-11-22,2027-01-21,2165748,
543,네트워크,4,길음역,417-101,20.04,2020-12-23,2026-03-23,1948081,
544,개별(대형),4,길음역,417-102,100,2021-01-11,2026-03-11,5500000,
545,개별(일반),4,성신여대입구역,418-105,16.5,2021-06-01,2026-07-01,1356600,
546,개별(일반),4,성신여대입구역,418-106,19.7,2019-07-16,2024-08-14,1150000,
547,공실,4,성신여대입구역,418-107,32.47,,,,1단계. 사업계획 수립중
548,공실(임대진행),4,성신여대입구역,418-108,30.8,,,,5단계. 입찰공고
549,개별(일반),4,성신여대입구역,418-110,21.09,2020-02-19,2025-03-20,2340000,
550,개별(일반),4,성신여대입구역,418-111,16,2020-11-04,2025-12-04,3181500,
551,개별(일반),4,혜화역,420-103,17.46,2021-01-18,2026-02-17,7160000,
552,개별(일반),4,혜화역,420-105,20,2021-01-04,2026-02-03,5660000,
553,공실,4,동대문(4)역,421-108,23,,,,1단계. 사업계획 수립중
554,네트워크,4,동대문(4)역,421-109,28,2017-12-29,2023-02-06,3054428,
555,개별(일반),4,동대문(4)역,421-110,10,2021-01-04,2026-02-03,3350000,
556,공실,4,동대문(4)역,421-111,24.6,,,,1단계. 사업계획 수립중
557,개별(일반),4,동대문(4)역,421-118,24.47,2020-10-30,2025-11-29,5222000,
558,개별(일반),4,동대문(4)역,421-119,12.5,2021-08-12,2026-09-11,6200000,
559,공실,4,동대문(4)역,421-212,20,,,,1단계. 사업계획 수립중
560,공실,4,동대문(4)역,421-213,40.7,,,,1단계. 사업계획 수립중
561,공실,4,동대문(4)역,421-214,40.76,,,,1단계. 사업계획 수립중
562,공실,4,동대문(4)역,421-215,20.36,,,,1단계. 사업계획 수립중
563,공실,4,동대문(4)역,421-216,20.1,,,,1단계. 사업계획 수립중
564,공실,4,동대문(4)역,421-217,19.8,,,,1단계. 사업계획 수립중
565,개별(일반),4,동대문역사문화공원(4)역,422-104,16.68,2022-06-16,2027-07-16,1810000,
566,개별(일반),4,동대문역사문화공원(4)역,422-203,27.09,2021-12-28,2027-01-27,7333300,
567,개별(일반),4,동대문역사문화공원(4)역,422-205,89,2021-05-26,2026-06-25,3530000,
568,네트워크,4,동대문역사문화공원(4)역,422-206,58,2021-11-22,2027-01-21,1933539,
569,공실,4,동대문역사문화공원(4)역,422-211,30,,,,1단계. 사업계획 수립중
570,공실(임대진행),4,충무로(4)역,423-101,18.86,,,,3단계. 감정평가
571,네트워크,4,충무로(4)역,423-102,31.54,2020-12-23,2026-03-23,6921841,
572,네트워크,4,충무로(4)역,423-104,21,2021-06-03,2026-08-02,3576383,
573,공실(임대진행),4,충무로(4)역,423-106,19.93,,,,3단계. 감정평가
574,개별(일반),4,충무로(4)역,423-109,18.2,2019-04-30,2024-05-29,3690000,
575,공실(임대진행),4,충무로(4)역,423-207,147.5,,,,5단계. 입찰공고
576,네트워크,4,명동역,424-102,26,2021-02-01,2026-06-01,9605672,
577,개별(일반),4,회현역,425-101,20.3,2019-08-24,2024-09-22,4222000,
578,개별(일반),4,회현역,425-104,81.7,2020-02-24,2025-03-25,14430000,
579,공실,4,회현역,425-203,30,,,,1단계. 사업계획 수립중
580,개별(일반),4,숙대입구역,427-101,9.8,2022-04-11,2027-05-11,1160000,
581,개별(일반),4,숙대입구역,427-103,24.7,2021-12-10,2027-01-09,2270000,
582,개별(일반),4,신용산역,429-101,17.8,2022-06-15,2027-06-15,1700000,
583,개별(일반),4,신용산역,429-102,15.5,2021-12-06,2027-01-05,896400,
584,개별(일반),4,신용산역,429-103,15.5,2020-10-31,2025-10-31,801000,
585,개별(일반),4,신용산역,429-104,15.5,2018-05-09,2023-06-07,631000,
586,개별(일반),4,신용산역,429-105,31,2020-12-18,2026-01-17,1111200,
587,네트워크,4,신용산역,429-107,30.6,,,,
588,개별(일반),4,신용산역,429-111,17.5,2022-08-08,2027-09-07,771700,
589,개별(일반),4,신용산역,429-112,11.4,2020-11-09,2025-12-09,1170800,
590,개별(일반),4,신용산역,429-113,23.76,2020-08-13,2025-09-12,1462800,
591,개별(일반),4,신용산역,429-114,16.95,2020-02-24,2025-03-25,3350000,
592,개별(일반),4,이촌역,430-101,22,2022-06-13,2027-07-13,1160000,
593,네트워크,4,이촌역,430-103,19.3,2018-01-08,2023-02-16,1375427,
594,개별(일반),4,동작역,431-002,20,2022-05-04,2027-05-04,4730000,
595,개별(일반),4,동작역,431-003,16,2020-11-09,2025-12-09,3570000,
596,개별(일반),4,동작역,431-004,10.75,2019-12-21,2025-01-19,1510000,
597,공실,4,총신대입구역,432-103,14.8,,,,2단계. 시설물 점검
598,개별(일반),4,총신대입구역,432-104,31.9,2021-01-04,2026-02-03,1810000,
599,개별(일반),4,총신대입구역,432-108,16.3,2020-11-05,2025-12-05,186000,
600,개별(일반),4,총신대입구역,432-109,16.3,2020-08-20,2025-09-19,1033300,
601,개별(일반),4,총신대입구역,432-110,16.3,2021-12-10,2027-01-09,1606000,
602,개별(일반),4,총신대입구역,432-111,16.3,2020-10-19,2025-11-18,1416600,
603,개별(일반),4,총신대입구역,432-112,16.3,2020-10-19,2025-11-18,1416600,
604,개별(일반),4,총신대입구역,432-113,16.3,2022-07-08,2027-08-07,916600,
605,개별(일반),4,총신대입구역,432-114,16.3,2020-10-19,2025-11-18,1430000,
606,개별(일반),4,총신대입구역,432-115,31.4,2017-12-27,2023-01-25,3335300,
607,개별(일반),4,총신대입구역,432-117,12.63,2020-02-14,2025-03-14,734500,
608,개별(일반),4,총신대입구역,432-123,21,2021-05-26,2026-06-25,1266600,
609,개별(일반),4,총신대입구역,432-124,11,2021-10-26,2026-11-25,1080000,중도해지신청
610,개별(일반),4,총신대입구역,432-125,24,2020-02-24,2025-03-25,2000800,
611,네트워크,4,총신대입구역,432-126,21.4,2018-01-08,2023-02-16,3440245,
612,네트워크,4,총신대입구역,432-219,25.06,2020-12-23,2026-03-23,5451432,
613,개별(일반),4,총신대입구역,432-220,12.32,2021-01-04,2026-02-03,4444400,
614,네트워크,4,총신대입구역,432-222,36.34,2021-06-03,2026-08-02,5493291,
615,공실(임대진행),4,사당(4)역,433-101,62.6,,,,3단계. 감정평가
616,개별(일반),4,사당(4)역,433-103,93,2020-06-22,2025-07-22,9630000,
617,개별(일반),4,사당(4)역,433-106,30.2,2019-10-15,2024-11-13,5020000,
618,개별(일반),4,사당(4)역,433-107,15.5,2021-12-09,2027-01-08,3624400,
619,개별(일반),4,사당(4)역,433-108,25.8,2021-03-15,2026-04-14,3696600,
620,개별(일반),4,사당(4)역,433-109,15.5,2017-09-19,2022-10-18,2685100,
621,개별(일반),4,사당(4)역,433-110,33.8,2020-05-19,2025-06-18,5134000,
622,네트워크,4,사당(4)역,433-111,31,2021-06-03,2026-08-02,2225619,
623,개별(일반),4,사당(4)역,433-112,62,2021-01-11,2026-02-10,5700000,
624,개별(일반),4,사당(4)역,433-114,31,2021-05-10,2023-05-10,4030000,
625,개별(일반),4,사당(4)역,433-115,92.1,2022-02-21,2027-03-23,13330000,
626,개별(일반),4,사당(4)역,433-118,61.4,2019-06-25,2024-07-24,7110000,
627,개별(일반),4,사당(4)역,433-120,30.7,2022-08-08,2027-09-07,4530000,
628,공실,4,사당(4)역,433-121,30.7,,,,1단계. 사업계획 수립중
629,개별(일반),4,사당(4)역,433-122,30.7,2021-02-26,2026-03-28,5110000,
630,개별(일반),4,사당(4)역,433-123,30.7,2021-01-04,2026-02-03,3620000,
631,개별(일반),4,사당(4)역,433-124,30.7,2021-07-08,2026-08-07,3599900,
632,공실,4,사당(4)역,433-125,30.7,,,,1단계. 사업계획 수립중
633,개별(일반),4,사당(4)역,433-126,60,2020-12-21,2026-01-20,6310000,
634,개별(대형),4,사당(4)역,433-140,408,2021-04-22,2026-06-21,40100000,
635,개별(일반),4,사당(4)역,433-141,22,2019-12-21,2025-01-19,4016000,
636,네트워크,4,사당(4)역,433-229,88,2021-06-03,2026-08-02,14923226,
637,네트워크,4,사당(4)역,433-230,29.4,2021-06-03,2026-08-02,5326048,
638,개별(대형),4,사당(4)역,433-239,871.4,2019-11-15,2025-03-13,61517300,
639,네트워크,4,사당(4)역,433-242,24.8,2018-05-09,2023-07-07,6011148,
640,네트워크,5,방화역,510-101,30,2018-04-18,2023-06-16,4817020,
641,공실(임대진행),5,방화역,510-102,40.53,,,,5단계. 입찰공고
642,공실(임대진행),5,방화역,510-103,19.65,,,,3단계. 감정평가
643,네트워크,5,개화산역,511-001,30,2018-04-18,2023-06-16,4085152,
644,개별(대형),5,김포공항역,512-101,103.42,2020-04-20,2025-05-20,968000,
645,네트워크,5,김포공항역,512-201,44.39,2021-09-06,2026-11-05,4927776,
646,네트워크,5,김포공항역,512-202,49.96,2018-05-09,2023-07-07,5059554,
647,네트워크,5,김포공항역,512-203,32.34,2018-04-18,2023-06-16,5515621,
648,개별(일반),5,김포공항역,512-205,53.97,2020-04-17,2025-05-17,5940000,
649,개별(일반),5,김포공항역,512-207,44.47,2022-06-09,2027-07-09,6140000,
650,개별(일반),5,김포공항역,512-208,43.71,2020-08-03,2025-09-02,4130000,
651,개별(일반),5,김포공항역,512-209,25.29,2020-12-28,2026-01-27,722400,
652,개별(일반),5,김포공항역,512-210,25.29,2020-08-31,2025-09-30,2901000,
653,개별(일반),5,김포공항역,512-211,25.58,2020-08-31,2025-09-30,3101000,
654,개별(일반),5,김포공항역,512-212,21.53,2020-08-03,2025-09-02,4310000,
655,네트워크,5,김포공항역,512-213,53.15,2022-09-06,2028-01-04,613792,
656,개별(일반),5,김포공항역,512-214,48.52,2021-03-15,2026-04-14,4210000,
657,네트워크,5,송정역,513-101,21.87,2021-02-25,2026-04-26,2414160,
658,네트워크,5,송정역,513-102,22.66,2018-05-09,2023-07-07,1582904,
659,네트워크,5,송정역,513-201,42.37,2018-04-18,2023-06-16,6689936,
660,개별(일반),5,송정역,513-203,70.51,2021-11-25,2026-12-25,2200000,
661,개별(일반),5,송정역,513-204,35.67,2020-02-14,2025-03-14,1810000,
662,개별(일반),5,송정역,513-205,16.2,2017-10-11,2022-11-09,1051000,
663,네트워크,5,발산역,515-102,33,2018-04-18,2023-06-16,6711005,
664,개별(일반),5,발산역,515-104,15.7,2019-12-10,2025-01-08,960000,
665,개별(일반),5,발산역,515-105,27.14,2022-09-01,2027-10-01,2063300,
666,개별(일반),5,발산역,515-106,39.44,2021-05-04,2026-06-03,11030000,
667,개별(일반),5,발산역,515-107,27.08,2020-08-03,2025-09-02,4510000,중도해지신청
668,네트워크,5,우장산역,516-101,33,2018-04-18,2023-06-16,6729856,
669,네트워크,5,우장산역,516-102,23.76,2018-05-12,2023-07-10,2166887,
670,공실(임대진행),5,우장산역,516-103,14.8,,,,3단계. 감정평가
671,개별(일반),5,우장산역,516-104,44.8,2020-12-28,2026-01-27,1685600,
672,네트워크,5,우장산역,516-105,19.84,2018-11-16,2024-01-14,,
673,개별(일반),5,우장산역,516-106,19.88,2020-08-03,2025-09-02,2180000,
674,복합,5,화곡역,517-101,101.16,2017-05-22,2027-09-19,13475000,
675,복합,5,화곡역,517-102,39.17,2017-05-22,2027-09-19,9363200,
676,복합,5,화곡역,517-103,,2017-05-22,2027-09-19,,
677,네트워크,5,화곡역,517-105,30,2018-04-18,2023-06-16,9956727,
678,개별(일반),5,화곡역,517-106,27,2020-08-03,2025-09-02,7500000,
679,네트워크,5,화곡역,517-107,67.04,2021-09-06,2026-11-05,8296201,
680,개별(일반),5,화곡역,517-108,33.77,2020-09-18,2025-10-18,5100000,
681,복합,5,까치산(5)역,518-101,27.45,2017-05-22,2027-09-19,7554800,
682,네트워크,5,까치산(5)역,518-102,37.82,2018-04-18,2023-06-16,9319115,
683,개별(일반),5,까치산(5)역,518-103,30.72,2019-10-08,2024-11-06,8152700,
684,복합,5,까치산(5)역,518-104,28.07,2017-05-22,2027-09-19,10223400,
685,개별(일반),5,까치산(5)역,518-106,36.85,2020-08-03,2025-09-02,10180000,
686,개별(일반),5,까치산(5)역,518-107,21.25,2020-07-30,2025-08-29,6210000,
687,복합,5,까치산(5)역,518-108,19.28,2017-05-22,2027-09-19,6383300,
688,개별(일반),5,까치산(5)역,518-109,24.15,2020-08-03,2025-09-02,9300000,
689,복합,5,까치산(5)역,518-110,19.31,2017-05-22,2027-09-19,5297600,
690,네트워크,5,신정역,519-201,24,2018-04-18,2023-06-16,4548669,
691,공실(임대진행),5,신정역,519-202,42.71,,,,4단계. 방침수립
692,개별(일반),5,목동역,520-101,23.69,2022-06-09,2027-07-09,2500000,
693,네트워크,5,목동역,520-102,31,2018-05-09,2023-07-07,3139431,
694,네트워크,5,목동역,520-103,30,2018-04-18,2023-06-16,7015950,
695,개별(일반),5,목동역,520-104,22.98,2021-03-15,2026-04-14,6300000,
696,개별(일반),5,목동역,520-106,22.8,2022-06-09,2027-07-09,3750000,
697,개별(일반),5,목동역,520-107,26.42,2020-08-03,2025-09-02,4200000,
698,복합,5,오목교역,521-101,9.01,2018-10-19,2024-04-16,,
699,복합,5,오목교역,521-102,14.15,2018-10-19,2024-04-16,,
700,복합,5,오목교역,521-103,21.95,2018-10-19,2024-04-16,,
701,복합,5,오목교역,521-104,7.61,2018-10-19,2024-04-16,,
702,복합,5,오목교역,521-105,89.1,2018-10-19,2024-04-16,,
703,복합,5,오목교역,521-106,59.87,2018-10-19,2024-04-16,,
704,복합,5,오목교역,521-107,11.64,2018-10-19,2024-04-16,,
705,복합,5,오목교역,521-108,116.4,2018-10-19,2024-04-16,,
706,복합,5,오목교역,521-109,106.82,2018-10-19,2024-04-16,,
707,복합,5,오목교역,521-110,18.24,2018-10-19,2024-04-16,,
708,복합,5,오목교역,521-111,118.84,2018-10-19,2024-04-16,,
709,복합,5,오목교역,521-112,8.15,2018-10-19,2024-04-16,,
710,복합,5,오목교역,521-113,14.07,2018-10-19,2024-04-16,,
711,복합,5,오목교역,521-114,33.1,2018-10-19,2024-04-16,,
712,복합,5,오목교역,521-115,16.2,2018-10-19,2024-04-16,,
713,복합,5,오목교역,521-116,20.52,2018-10-19,2024-04-16,,
714,복합,5,오목교역,521-117,51.85,2018-10-19,2024-04-16,,
715,복합,5,오목교역,521-118,52.37,2018-10-19,2024-04-16,,
716,복합,5,오목교역,521-119,54.78,2018-10-19,2024-04-16,,
717,복합,5,오목교역,521-120,109.56,2018-10-19,2024-04-16,,
718,복합,5,오목교역,521-121,127.56,2018-10-19,2024-04-16,,
719,복합,5,오목교역,521-122,65.13,2018-10-19,2024-04-16,176500000,
720,복합,5,오목교역,521-123,87.78,2018-10-19,2024-04-16,,
721,복합,5,오목교역,521-124,78.62,2018-10-19,2024-04-16,,
722,복합,5,오목교역,521-125,81.05,2018-10-19,2024-04-16,,
723,복합,5,오목교역,521-126,74.86,2018-10-19,2024-04-16,,
724,복합,5,오목교역,521-127,53.08,2018-10-19,2024-04-16,,
725,복합,5,오목교역,521-128,26.17,2018-10-19,2024-04-16,,
726,복합,5,오목교역,521-129,28.49,2018-10-19,2024-04-16,,
727,복합,5,오목교역,521-130,28.02,2018-10-19,2024-04-16,,
728,복합,5,오목교역,521-131,57.6,2018-10-19,2024-04-16,,
729,복합,5,오목교역,521-132,18.24,2018-10-19,2024-04-16,,
730,복합,5,오목교역,521-201,47.97,2018-10-19,2024-04-16,,
731,복합,5,오목교역,521-202,49,2018-10-19,2024-04-16,,
732,복합,5,오목교역,521-203,27.47,2018-10-19,2024-04-16,,
733,복합,5,오목교역,521-204,21.7,2018-10-19,2024-04-16,,
734,복합,5,오목교역,521-205,9.7,2018-10-19,2024-04-16,,
735,네트워크,5,오목교역,521-206,43.51,2018-04-18,2023-06-16,12003739,
736,복합,5,오목교역,521-207,15.16,2018-10-19,2024-04-16,,
737,복합,5,오목교역,521-208,22.25,2018-10-19,2024-04-16,,
738,복합,5,오목교역,521-209,62.37,2018-10-19,2024-04-16,,
739,복합,5,오목교역,521-210,57.1,2018-10-19,2024-04-16,,
740,복합,5,오목교역,521-211,35.8,2018-10-19,2024-04-16,,
741,복합,5,오목교역,521-212,36.19,2018-10-19,2024-04-16,,
742,복합,5,오목교역,521-213,31.1,2018-10-19,2024-04-16,,
743,복합,5,오목교역,521-214,37.9,2018-10-19,2024-04-16,,
744,네트워크,5,영등포구청(5)역,523-401,34.33,2018-04-18,2023-06-16,6300716,
745,네트워크,5,영등포구청(5)역,523-402,313.4,2021-05-07,2026-11-03,5779441,
746,네트워크,5,영등포구청(5)역,523-404,24.8,2021-09-06,2026-11-05,5518570,
747,네트워크,5,영등포시장역,524-202,37.3,2018-04-18,2023-06-16,6361705,
748,공실,5,신길역,525-101,20,,,,1단계. 사업계획 수립중
749,네트워크,5,신길역,525-102,40,2018-11-27,2024-01-25,3163803,
750,개별(일반),5,신길역,525-106,10,2018-04-10,2023-05-09,7800000,
751,공실,5,여의도역,526-100,47,,,,1단계. 사업계획 수립중
752,네트워크,5,여의도역,526-101,35.24,2018-04-18,2023-06-16,9929005,
753,개별(일반),5,여의도역,526-102,22.04,2019-09-20,2024-10-19,2300000,
754,네트워크,5,여의도역,526-201,23.65,2018-11-27,2024-01-25,2792455,
755,공실(임대진행),5,여의도역,526-202,23.65,,,,4단계. 방침수립
756,공실(임대진행),5,여의도역,526-203,19.93,,,,4단계. 방침수립
757,네트워크,5,여의나루역,527-101,33.39,2018-04-18,2023-06-16,6716550,
758,개별(일반),5,여의나루역,527-102,34.86,2022-05-12,2027-06-11,2021800,
759,네트워크,5,마포역,528-101,29,2018-04-18,2023-06-16,5945871,
760,개별(일반),5,마포역,528-102,17.43,2021-07-12,2026-08-11,2350000,
761,개별(일반),5,마포역,528-103,41.13,2021-02-08,2026-02-07,2960000,
762,네트워크,5,마포역,528-104,46.6,2021-09-06,2026-11-05,3861593,
763,네트워크,5,마포역,528-401,32.9,2018-05-09,2023-07-07,2552265,
764,공실,5,공덕(5)역,529-101,70.3,,,,1단계. 사업계획 수립중
765,개별(대형),5,공덕(5)역,529-102,295,2019-01-10,2024-03-10,20000000,
766,개별(대형),5,공덕(5)역,529-103,,2019-01-10,2024-03-10,,
767,개별(대형),5,공덕(5)역,529-104,,2019-01-10,2024-03-10,,
768,개별(대형),5,공덕(5)역,529-105,,2019-01-10,2024-03-10,,
769,개별(대형),5,공덕(5)역,529-106,,2019-01-10,2024-03-10,,
770,개별(대형),5,공덕(5)역,529-107,,2019-01-10,2024-03-10,,
771,개별(대형),5,공덕(5)역,529-108,,2019-01-10,2024-03-10,,
772,개별(대형),5,공덕(5)역,529-109,22,2019-01-10,2024-03-10,,
773,개별(일반),5,공덕(5)역,529-110,34.5,2019-12-30,2024-12-29,1211600,
774,네트워크,5,공덕(5)역,529-111,34.9,2018-04-18,2023-06-16,7008188,
775,네트워크,5,공덕(5)역,529-113,30,2021-05-07,2026-11-03,1126258,
776,개별(일반),5,공덕(5)역,529-114,33.71,2022-02-04,2027-03-06,1440500,
777,공실(임대진행),5,공덕(5)역,529-115,37,,,,3단계. 감정평가
778,개별(일반),5,공덕(5)역,529-116,34,2018-12-28,2024-01-26,1280000,
779,개별(일반),5,공덕(5)역,529-117,33,2020-02-25,2025-03-26,1500000,
780,공실(임대진행),5,공덕(5)역,529-118,32,,,,4단계. 방침수립
781,개별(일반),5,공덕(5)역,529-119,32,2022-09-01,2027-10-01,1430000,
782,개별(일반),5,공덕(5)역,529-120,47.3,2021-07-05,2026-08-04,2517800,
783,개별(일반),5,공덕(5)역,529-121,52,2022-04-26,2027-05-26,2015000,
784,개별(일반),5,공덕(5)역,529-122,41.58,2020-11-13,2025-12-13,2815000,
785,개별(일반),5,공덕(5)역,529-123,28.5,2022-09-21,2027-10-21,968000,
786,네트워크,5,공덕(5)역,529-130,32.2,2021-05-07,2026-11-03,2801979,
787,네트워크,5,공덕(5)역,529-131,32,2021-05-07,2026-11-03,,
788,네트워크,5,공덕(5)역,529-132,32,2021-05-07,2026-11-03,,
789,네트워크,5,공덕(5)역,529-133,48.5,2021-05-07,2026-11-03,,
790,네트워크,5,공덕(5)역,529-134,28.2,2021-05-07,2026-11-03,,
791,개별(일반),5,공덕(5)역,529-202,28.6,2021-07-23,2026-08-22,1833300,
792,개별(일반),5,공덕(5)역,529-203,28.7,2021-07-23,2026-08-22,,
793,네트워크,5,애오개역,530-101,32.2,2018-04-18,2023-06-16,4577500,
794,개별(일반),5,충정로(5)역,531-101,42,2020-04-16,2025-05-16,550000,
795,개별(일반),5,충정로(5)역,531-201,20,2021-07-19,2026-08-18,447500,
796,네트워크,5,충정로(5)역,531-202,45,2018-04-18,2023-06-16,5773993,
797,개별(일반),5,충정로(5)역,531-203,36.85,2020-12-31,2026-01-30,552900,
798,공실,5,충정로(5)역,531-204,29.01,,,,1단계. 사업계획 수립중
799,개별(일반),5,충정로(5)역,531-205,29.01,2022-06-21,2027-07-21,407000,
800,개별(일반),5,서대문역,532-101,14.74,2019-04-30,2024-05-29,833000,
801,개별(일반),5,서대문역,532-102,8.25,2022-07-08,2027-08-07,375000,
802,공실(임대진행),5,서대문역,532-103,10.5,,,,4단계. 방침수립
803,네트워크,5,서대문역,532-104,30.32,2018-04-18,2023-06-16,5124183,
804,공실(임대진행),5,서대문역,532-105,10.5,,,,4단계. 방침수립
805,개별(일반),5,서대문역,532-106,42.95,2018-10-12,2023-11-10,5021000,
806,개별(일반),5,서대문역,532-107,11.88,2021-03-15,2026-04-14,3011000,
807,공실,5,서대문역,532-108,9.05,,,,2단계. 시설물 점검
808,공실(임대진행),5,서대문역,532-109,9.06,,,,4단계. 방침수립
809,공실,5,서대문역,532-301,25.79,,,,2단계. 시설물 점검
810,개별(대형),5,광화문역,533-101,849,2020-10-29,2026-02-26,8525000,
811,네트워크,5,광화문역,533-103,56,2018-04-18,2023-06-16,25342583,
812,네트워크,5,광화문역,533-104,10,2018-11-16,2024-01-14,,
813,공실(임대진행),5,종로3가(5)역,534-101,67.28,,,,4단계. 방침수립
814,네트워크,5,종로3가(5)역,534-202,29.48,2018-04-18,2023-06-16,8575050,
815,공실,5,종로3가(5)역,534-301,21.4,,,,2단계. 시설물 점검
816,개별(일반),5,을지로4가(5)역,535-101,29.82,2019-05-08,2024-06-06,302500,
817,개별(일반),5,을지로4가(5)역,535-102,16.8,2017-09-16,2022-10-15,1500000,
818,개별(일반),5,을지로4가(5)역,535-103,19.6,2018-04-10,2023-05-09,799000,
819,네트워크,5,을지로4가(5)역,535-104,34.98,2018-04-18,2023-06-16,5063194,
820,개별(일반),5,을지로4가(5)역,535-105,41.45,2019-10-29,2024-11-27,633300,
821,개별(일반),5,을지로4가(5)역,535-106,41.45,2019-05-08,2024-06-06,512300,
822,네트워크,5,청구(5)역,537-301,47.89,2021-11-22,2027-01-21,2357147,
823,네트워크,5,청구(5)역,537-302,30,2021-09-06,2026-11-05,3832696,
824,네트워크,5,청구(5)역,537-304,46.33,2018-04-18,2023-06-16,5754033,
825,개별(일반),5,청구(5)역,537-305,18,2019-12-19,2025-01-17,3360000,
826,네트워크,5,신금호역,538-101,39.14,2018-04-18,2023-06-16,5585481,
827,개별(일반),5,신금호역,538-102,23.5,2020-12-03,2026-01-02,1239900,
828,네트워크,5,행당역,539-101,41.46,2018-04-18,2023-06-16,6615640,
829,공실(임대진행),5,행당역,539-301,30.84,,,,3단계. 감정평가
830,네트워크,5,행당역,539-302,39,2022-05-02,2027-07-31,780500,
831,개별(일반),5,행당역,539-303,46.78,2021-05-10,2026-06-09,2200000,
832,네트워크,5,왕십리(5)역,540-201,40,2018-04-18,2023-06-16,5167430,
833,공실(임대진행),5,왕십리(5)역,540-202,10.3,,,,5단계. 입찰공고
834,네트워크,5,왕십리(5)역,540-203,50.84,2020-12-23,2026-03-23,3968788,
835,네트워크,5,왕십리(5)역,540-401,204,2021-05-07,2026-11-03,2556015,
836,공실(임대진행),5,왕십리(5)역,540-402,53.75,,,,3단계. 감정평가
837,개별(일반),5,왕십리(5)역,540-403,53.7,2017-09-16,2022-10-15,2640000,
838,공실,5,왕십리(5)역,540-404,53.7,,,,2단계. 시설물 점검
839,개별(일반),5,왕십리(5)역,540-405,55.83,2019-12-18,2025-01-16,3640000,
840,개별(일반),5,왕십리(5)역,540-406,50,2018-04-21,2023-05-20,516600,
841,공실(임대진행),5,왕십리(5)역,540-407,84.48,,,,4단계. 방침수립
842,개별(일반),5,왕십리(5)역,540-408,37,2019-10-29,2024-11-27,4640000,
843,공실,5,왕십리(5)역,540-409,37,,,,1단계. 사업계획 수립중
844,개별(일반),5,왕십리(5)역,540-410,73.57,2021-05-10,2026-06-09,4030000,
845,네트워크,5,마장역,541-101,30,2018-04-18,2023-06-16,4361266,
846,개별(일반),5,답십리역,542-101,50,2020-06-15,2025-07-15,1250000,
847,개별(일반),5,답십리역,542-103,61.97,2019-11-12,2024-12-11,421600,
848,개별(일반),5,답십리역,542-104,57.89,2020-08-03,2025-09-02,4560000,
849,개별(일반),5,답십리역,542-202,25.5,2019-08-24,2024-09-22,1800000,
850,공실(임대진행),5,답십리역,542-203,35.8,,,,4단계. 방침수립
851,네트워크,5,답십리역,542-204,40,2018-04-18,2023-06-16,8179176,
852,개별(일반),5,답십리역,542-205,28.86,2022-01-17,2027-02-16,2200000,
853,공실,5,장한평역,543-101,24.5,,,,1단계. 사업계획 수립중
854,개별(일반),5,장한평역,543-102,31.9,2021-05-10,2026-06-09,2260000,
855,네트워크,5,장한평역,543-103,52.8,2018-04-18,2023-06-16,11054529,
856,네트워크,5,장한평역,543-201,29.8,2021-09-06,2026-11-05,4296737,
857,네트워크,5,장한평역,543-202,35.62,2022-05-02,2027-07-31,1832700,
858,네트워크,5,장한평역,543-203,31.98,2022-09-07,2028-02-04,2002157,
859,개별(대형),5,군자(5)역,544-103,90.6,2018-02-22,2023-04-02,7050000,
860,개별(대형),5,군자(5)역,544-104,48,2018-04-16,2023-04-02,,
861,개별(일반),5,군자(5)역,544-107,44.67,2020-02-20,2025-03-21,3600000,
862,네트워크,5,아차산역,545-101,19.6,2021-09-06,2026-11-05,3182079,
863,개별(일반),5,아차산역,545-102,19.6,2017-10-11,2022-11-09,2000000,
864,개별(일반),5,아차산역,545-103,31.21,2020-12-31,2026-01-30,2930000,
865,네트워크,5,아차산역,545-201,48.37,2018-05-09,2023-07-07,3556078,
866,네트워크,5,아차산역,545-202,28.72,2018-04-18,2023-06-16,5882664,
867,개별(일반),5,아차산역,545-203,44.22,2018-12-28,2024-01-26,2833300,
868,네트워크,5,광나루역,546-101,53.26,2018-05-09,2023-07-07,3726868,
869,개별(일반),5,광나루역,546-201,62.2,2020-09-18,2025-10-18,3063600,
870,네트워크,5,광나루역,546-202,45,2018-04-18,2023-06-16,8972033,
871,개별(일반),5,광나루역,546-203,17.86,2018-10-23,2023-11-21,2150000,
872,복합,5,천호(5)역,547-101,210,2017-07-07,2022-11-04,217793378,
873,복합,5,천호(5)역,547-102,214.67,2017-07-07,2022-11-04,,
874,복합,5,천호(5)역,547-103,142.68,2017-07-07,2022-11-04,,
875,복합,5,천호(5)역,547-104,142.68,2017-07-07,2022-11-04,,
876,복합,5,천호(5)역,547-105,120.19,2017-07-07,2022-11-04,,
877,복합,5,천호(5)역,547-106,43.9,2017-07-07,2022-11-04,,
878,복합,5,천호(5)역,547-107,54.27,2017-07-07,2022-11-04,,
879,복합,5,천호(5)역,547-108,25.63,2017-07-07,2022-11-04,,
880,복합,5,천호(5)역,547-109,12.37,2017-07-07,2022-11-04,,
881,복합,5,천호(5)역,547-110,38.58,2017-07-07,2022-11-04,,
882,복합,5,천호(5)역,547-111,30.65,2017-07-07,2022-11-04,,
883,복합,5,천호(5)역,547-112,30.65,2017-07-07,2022-11-04,,
884,복합,5,천호(5)역,547-113,47.07,2017-07-07,2022-11-04,,
885,복합,5,천호(5)역,547-114,47.47,2017-07-07,2022-11-04,,
886,복합,5,천호(5)역,547-115,47.55,2017-07-07,2022-11-04,,
887,복합,5,천호(5)역,547-116,47.32,2017-07-07,2022-11-04,,
888,복합,5,천호(5)역,547-117,34.15,2017-07-07,2022-11-04,,
889,복합,5,천호(5)역,547-119,34.17,2017-07-07,2022-11-04,,
890,복합,5,천호(5)역,547-121,66.6,2017-07-07,2022-11-04,,
891,복합,5,천호(5)역,547-122,72.11,2017-07-07,2022-11-04,,
892,복합,5,천호(5)역,547-123,22.41,2017-07-07,2022-11-04,,
893,복합,5,천호(5)역,547-124,23.42,2017-07-07,2022-11-04,,
894,복합,5,천호(5)역,547-125,19.59,2017-07-07,2022-11-04,,
895,복합,5,천호(5)역,547-126,53,2017-07-07,2022-11-04,,
896,복합,5,천호(5)역,547-201,22.38,2017-07-07,2022-11-04,,
897,복합,5,천호(5)역,547-202,56.22,2017-07-07,2022-11-04,,
898,복합,5,천호(5)역,547-203,238.24,2017-07-07,2022-11-04,,
899,개별(일반),5,강동역,548-101,15,2020-03-02,2025-04-01,2842500,
900,개별(일반),5,강동역,548-102,15,2019-12-20,2025-01-18,2638000,
901,네트워크,5,강동역,548-103,57.26,2018-04-18,2023-06-16,10222861,
902,개별(일반),5,강동역,548-104,24.44,2020-10-23,2025-11-22,1880000,
903,소송상가,5,강동역,548-301,29.58,2016-11-07,2022-02-05,14919520,
904,소송상가,5,강동역,548-302,31.58,2016-11-07,2022-02-05,,
905,소송상가,5,강동역,548-303,20.44,2016-11-07,2022-02-05,,
906,소송상가,5,강동역,548-304,96.47,2016-11-07,2022-02-05,,
907,소송상가,5,강동역,548-305,202.41,2016-11-07,2022-02-05,,
908,소송상가,5,강동역,548-306,16.4,2016-11-07,2022-02-05,,
909,네트워크,5,길동역,549-101,31.82,2018-04-18,2023-06-16,5116421,
910,네트워크,5,굽은다리역,550-101,30,2018-04-18,2023-06-16,5299387,
911,네트워크,5,굽은다리역,550-102,14.5,2022-09-07,2028-02-04,237024,
912,네트워크,5,굽은다리역,550-103,34.43,2022-05-02,2027-07-31,1521300,
913,개별(일반),5,굽은다리역,550-104,34.43,2020-09-18,2025-10-18,2516600,
914,개별(일반),5,굽은다리역,550-105,23,2018-09-28,2023-10-27,3130000,
915,네트워크,5,명일역,551-101,30,2018-04-18,2023-06-16,5086480,
916,개별(일반),5,명일역,551-102,44.27,2018-10-23,2023-11-21,2300000,
917,공실,5,명일역,551-103,25.05,,,,2단계. 시설물 점검
918,개별(일반),5,명일역,551-104,29.77,2020-12-02,2026-01-01,1481800,
919,네트워크,5,고덕역,552-101,28.62,2018-04-18,2023-06-16,5036580,
920,공실(임대진행),5,고덕역,552-102,42.94,,,,3단계. 감정평가
921,네트워크,5,고덕역,552-104,32.66,2022-05-02,2027-07-31,1840800,
922,네트워크,5,상일동역,553-101,31.46,2018-04-18,2023-06-16,5759577,
923,개별(일반),5,상일동역,553-102,17.85,2019-04-02,2024-05-01,1100000,
924,개별(일반),5,상일동역,553-103,17.92,2017-09-16,2022-10-15,1200000,
925,네트워크,5,둔촌동역,554-101,29,2018-04-18,2023-06-16,5386990,
926,개별(일반),5,둔촌동역,554-102,28.71,2020-12-24,2026-01-23,1750000,
927,개별(일반),5,둔촌동역,554-103,13.5,2019-12-21,2025-01-19,2065000,
928,개별(일반),5,둔촌동역,554-104,31.17,2021-04-07,2026-05-07,3752500,
929,개별(일반),5,둔촌동역,554-105,49.53,2021-10-14,2026-11-13,4310000,
930,네트워크,5,올림픽공원역,555-201,37.2,2018-04-18,2023-06-16,5832764,
931,개별(일반),5,방이역,556-101,19.3,2022-04-28,2027-05-28,1030000,
932,네트워크,5,방이역,556-102,36.48,2018-04-18,2023-06-16,5832764,
933,네트워크,5,오금(5)역,557-101,27.38,2018-04-18,2023-06-16,3373245,
934,네트워크,5,개롱역,558-101,40,2018-04-18,2023-06-16,6316240,
935,네트워크,5,거여역,559-101,28.98,2018-04-18,2023-06-16,4559758,
936,네트워크,5,마천역,560-201,30,2018-04-18,2023-06-16,4234853,
937,네트워크,6,응암역,610-101,34.64,2021-09-06,2026-11-05,7940972,
938,공실,6,응암역,610-102,30,,,,1단계. 사업계획 수립중
939,공실(임대진행),6,응암역,610-103,50,,,,4단계. 방침수립
940,네트워크,6,응암역,610-104,31,2022-08-01,2027-12-29,2214894,
941,공실(임대진행),6,응암역,610-105,15,,,,3단계. 감정평가
942,네트워크,6,응암역,610-201,38.8,2022-02-03,2027-05-04,12005352,
943,네트워크,6,역촌역,611-101,31.5,2022-02-03,2027-05-04,2585123,
944,공실(임대진행),6,역촌역,611-102,72,,,,4단계. 방침수립
945,공실(임대진행),6,역촌역,611-103,37,,,,4단계. 방침수립
946,공실(임대진행),6,역촌역,611-104,37,,,,4단계. 방침수립
947,개별(일반),6,불광(6)역,612-101,43,2020-02-24,2025-02-24,495000,
948,네트워크,6,불광(6)역,612-202,30,2022-02-03,2027-05-04,898305,
949,네트워크,6,독바위역,613-101,31.3,2022-02-03,2027-05-04,1839752,
950,공실,6,독바위역,613-102,85,,,,1단계. 사업계획 수립중
951,네트워크,6,연신내(6)역,614-101,44,2022-02-03,2027-05-04,8734634,
952,개별(일반),6,연신내(6)역,614-301,12,2020-02-24,2025-03-25,1386900,
953,네트워크,6,연신내(6)역,614-302,26.6,2018-05-12,2023-07-10,2500150,
954,공실,6,연신내(6)역,614-502,14.17,,,,1단계. 사업계획 수립중
955,네트워크,6,구산역,615-101,33.2,2022-02-03,2027-05-04,5228359,
956,공실(임대진행),6,구산역,615-103,30,,,,3단계. 감정평가
957,공실(임대진행),6,구산역,615-104,33,,,,3단계. 감정평가
958,개별(일반),6,새절역,616-101,43.6,2020-04-09,2025-05-09,4100000,
959,네트워크,6,새절역,616-102,25,2022-02-03,2027-05-04,6460036,
960,개별(일반),6,새절역,616-103,30.14,2021-03-18,2026-04-17,3780000,
961,개별(일반),6,새절역,616-104,26,2018-10-23,2023-11-21,3595400,
962,네트워크,6,증산역,617-101,28,2022-02-03,2027-05-04,5775771,
963,개별(일반),6,증산역,617-102,31,2020-07-13,2025-08-12,3154000,
964,네트워크,6,증산역,617-103,37,2022-09-07,2028-02-04,1720546,
965,네트워크,6,증산역,617-104,29,2022-08-01,2027-12-29,1414221,
966,공실(임대진행),6,증산역,617-105,48,,,,3단계. 감정평가
967,개별(일반),6,디지털미디어시티역,618-003,95.86,2016-10-20,2027-01-18,3882000,
968,개별(대형),6,디지털미디어시티역,618-004,212.39,2016-10-21,2027-01-19,4970000,
969,네트워크,6,디지털미디어시티역,618-101,31.64,2018-05-09,2023-07-07,2608636,
970,네트워크,6,디지털미디어시티역,618-102,33,2022-02-03,2027-05-04,4574703,
971,공실,6,디지털미디어시티역,618-103,30,,,,1단계. 사업계획 수립중
972,공실(임대진행),6,디지털미디어시티역,618-104,110,,,,3단계. 감정평가
973,공실,6,디지털미디어시티역,618-106,40,,,,1단계. 사업계획 수립중
974,공실,6,디지털미디어시티역,618-107,30,,,,1단계. 사업계획 수립중
975,공실,6,디지털미디어시티역,618-108,81,,,,1단계. 사업계획 수립중
976,네트워크,6,디지털미디어시티역,618-109,33,2022-08-01,2027-12-29,1684136,
977,네트워크,6,월드컵경기장역,619-201,43,2022-02-03,2027-05-04,2765893,
978,네트워크,6,마포구청역,620-101,39,2022-02-03,2027-05-04,6487761,
979,공실(임대진행),6,마포구청역,620-102,32.58,,,,3단계. 감정평가
980,개별(일반),6,마포구청역,620-104,73,2022-03-11,2027-04-10,508200,
981,네트워크,6,마포구청역,620-202,51,2022-08-01,2027-12-29,1793009,
982,공실,6,마포구청역,620-203,35,,,,1단계. 사업계획 수립중
983,공실,6,마포구청역,620-204,44,,,,1단계. 사업계획 수립중
984,네트워크,6,망원역,621-101,28,2022-02-03,2027-05-04,5682613,
985,개별(일반),6,망원역,621-102,45.17,2021-11-17,2026-12-17,2120000,
986,네트워크,6,망원역,621-103,29,2022-08-01,2027-12-29,1052443,
987,공실,6,망원역,621-104,50,,,,1단계. 사업계획 수립중
988,공실(임대진행),6,망원역,621-105,39,,,,3단계. 감정평가
989,개별(일반),6,합정(6)역,622-101,28.51,2021-03-15,2026-04-14,4033300,
990,네트워크,6,합정(6)역,622-102,37.67,2018-05-12,2023-07-10,4586462,
991,네트워크,6,합정(6)역,622-103,45,2022-02-03,2027-05-04,14622415,
992,개별(일반),6,합정(6)역,622-106,58,2020-07-15,2025-08-14,8034000,
993,개별(일반),6,합정(6)역,622-107,42.41,2021-07-01,2026-07-31,4365000,
994,복합,6,합정(6)역,622-108,50,2022-08-11,2028-01-08,3442973,
995,복합,6,합정(6)역,622-109,60,2022-08-11,2028-01-08,6045087,
996,복합,6,합정(6)역,622-117,75,2022-08-11,2028-01-08,5170140,
997,개별(일반),6,합정(6)역,622-301,11.7,2021-07-09,2026-08-08,4500000,
998,소송상가,6,합정(6)역,622-302,42.2,2017-02-22,2022-05-23,8057669,
999,개별(일반),6,합정(6)역,622-303,15.8,2022-04-28,2027-05-28,12570000,
1000,개별(일반),6,합정(6)역,622-304,33.2,2021-07-09,2026-08-08,13000000,
1001,소송상가,6,합정(6)역,622-305,90.4,2017-02-22,2022-05-23,14505111,
1002,소송상가,6,합정(6)역,622-306,12.6,2017-02-22,2022-05-23,1986274,
1003,네트워크,6,합정(6)역,622-307,22.54,2018-11-27,2024-01-25,2778807,
1004,공실(임대진행),6,합정(6)역,622-308,33.9,,,,5단계. 입찰공고
1005,공실(임대진행),6,상수역,623-101,33,,,,3단계. 감정평가
1006,공실(임대진행),6,상수역,623-102,33,,,,3단계. 감정평가
1007,네트워크,6,상수역,623-201,35,2022-02-03,2027-05-04,7569055,
1008,공실,6,상수역,623-202,29,,,,1단계. 사업계획 수립중
1009,공실,6,상수역,623-203,38,,,,1단계. 사업계획 수립중
1010,공실(임대진행),6,상수역,623-204,41,,,,3단계. 감정평가
1011,네트워크,6,광흥창역,624-101,40,2022-02-03,2027-05-04,3992468,
1012,공실(임대진행),6,광흥창역,624-102,25,,,,3단계. 감정평가
1013,공실(임대진행),6,광흥창역,624-203,187,,,,3단계. 감정평가
1014,공실(임대진행),6,광흥창역,624-206,66,,,,3단계. 감정평가
1015,네트워크,6,대흥역,625-101,45,2022-02-03,2027-05-04,7186443,
1016,개별(일반),6,대흥역,625-102,43.67,2019-11-19,2024-12-18,2870000,
1017,공실(임대진행),6,대흥역,625-203,23,,,,3단계. 감정평가
1018,공실,6,공덕(6)역,626-124,36,,,,1단계. 사업계획 수립중
1019,개별(일반),6,공덕(6)역,626-125,37,2020-02-24,2025-03-25,6671100,
1020,개별(일반),6,공덕(6)역,626-126,32,2021-03-13,2026-03-12,2770000,
1021,개별(일반),6,공덕(6)역,626-127,27,2022-06-09,2027-07-09,4120000,
1022,개별(일반),6,공덕(6)역,626-128,24,2018-06-22,2023-07-21,7500000,
1023,네트워크,6,공덕(6)역,626-129,39.4,2022-02-03,2027-05-04,12977518,
1024,공실(임대진행),6,공덕(6)역,626-130,30,,,,3단계. 감정평가
1025,공실(임대진행),6,공덕(6)역,626-131,22,,,,3단계. 감정평가
1026,개별(일반),6,공덕(6)역,626-132,32,2020-07-16,2025-08-15,6880000,
1027,네트워크,6,공덕(6)역,626-133,48,2022-07-18,2027-10-16,6758939,
1028,개별(대형),6,공덕(6)역,626-135,165,2021-07-12,2026-07-12,23540000,
1029,소송상가,6,공덕(6)역,626-136,112,2017-02-22,2022-05-23,10835534,
1030,개별(일반),6,공덕(6)역,626-201,13.6,2022-08-30,2027-09-29,1300000,
1031,공실(임대진행),6,공덕(6)역,626-202,52,,,,4단계. 방침수립
1032,네트워크,6,효창공원앞역,627-101,43,2022-02-03,2027-05-04,6485543,
1033,공실(임대진행),6,효창공원앞역,627-102,33,,,,3단계. 감정평가
1034,개별(일반),6,효창공원앞역,627-103,31,2020-07-06,2025-08-05,2583300,
1035,공실,6,효창공원앞역,627-104,33,,,,2단계. 시설물 점검
1036,네트워크,6,효창공원앞역,627-105,31,2022-08-01,2027-12-29,984397,
1037,공실(임대진행),6,효창공원앞역,627-106,63,,,,3단계. 감정평가
1038,개별(일반),6,삼각지(6)역,628-165,258.2,2020-06-26,2025-06-25,1882000,
1039,네트워크,6,삼각지(6)역,628-301,31.8,2022-02-03,2027-05-04,4937353,
1040,공실,6,삼각지(6)역,628-307,46,,,,1단계. 사업계획 수립중
1041,개별(일반),6,삼각지(6)역,628-308,40,2022-04-28,2027-05-28,2952000,
1042,네트워크,6,녹사평역,629-101,40,2022-02-03,2027-05-04,6254867,
1043,네트워크,6,이태원역,630-101,25,2022-02-03,2027-05-04,8483995,
1044,공실(임대진행),6,이태원역,630-102,19,,,,3단계. 감정평가
1045,네트워크,6,이태원역,630-103,34,2022-08-01,2027-12-29,3123307,
1046,네트워크,6,한강진역,631-101,40,2022-02-03,2027-05-04,6033063,
1047,공실(임대진행),6,한강진역,631-102,64,,,,4단계. 방침수립
1048,개별(일반),6,한강진역,631-104,62,2020-07-06,2025-08-05,2133300,
1049,네트워크,6,한강진역,631-105,64,2022-08-01,2027-12-29,1524228,
1050,공실(임대진행),6,버티고개역,632-102,26,,,,3단계. 감정평가
1051,네트워크,6,약수(6)역,633-203,77,2022-02-03,2027-05-04,7685502,
1052,공실(임대진행),6,약수(6)역,633-204,46,,,,3단계. 감정평가
1053,공실(임대진행),6,약수(6)역,633-205,85,,,,3단계. 감정평가
1054,공실,6,약수(6)역,633-206,33,,,,1단계. 사업계획 수립중
1055,공실,6,약수(6)역,633-207,39,,,,1단계. 사업계획 수립중
1056,네트워크,6,신당(6)역,635-101,40,2022-02-03,2027-05-04,5456374,
1057,공실(임대진행),6,신당(6)역,635-103,73,,,,5단계. 입찰공고
1058,공실(임대진행),6,신당(6)역,635-105,30,,,,3단계. 감정평가
1059,네트워크,6,신당(6)역,635-106,26,2022-08-30,2028-01-27,651324,
1060,공실(임대진행),6,신당(6)역,635-201,34.1,,,,3단계. 감정평가
1061,네트워크,6,신당(6)역,635-202,142.14,2018-05-12,2023-07-10,8994730,
1062,개별(일반),6,신당(6)역,635-203,30,2020-01-10,2025-02-08,1985000,
1063,네트워크,6,동묘앞(6)역,636-201,48,2022-02-03,2027-05-04,5163592,
1064,공실,6,동묘앞(6)역,636-205,26,,,,1단계. 사업계획 수립중
1065,공실,6,동묘앞(6)역,636-206,30,,,,1단계. 사업계획 수립중
1066,네트워크,6,동묘앞(6)역,636-207,43,2022-08-01,2027-12-29,1267922,
1067,네트워크,6,창신역,637-101,28,2022-02-03,2027-05-04,1956310,
1068,개별(일반),6,보문역,638-102,14.1,2018-11-20,2023-12-19,825000,
1069,네트워크,6,보문역,638-103,35,2022-02-03,2027-05-04,5162483,
1070,공실(임대진행),6,보문역,638-105,24,,,,3단계. 감정평가
1071,네트워크,6,보문역,638-106,36,2022-08-01,2027-12-29,979861,
1072,공실,6,안암역,639-103,31,,,,1단계. 사업계획 수립중
1073,공실,6,안암역,639-104,31,,,,1단계. 사업계획 수립중
1074,공실,6,안암역,639-105,17,,,,1단계. 사업계획 수립중
1075,네트워크,6,안암역,639-201,42.2,2022-02-03,2027-05-04,10717338,
1076,네트워크,6,안암역,639-202,40.99,2022-08-01,2027-12-29,2417302,
1077,공실,6,안암역,639-203,30,,,,1단계. 사업계획 수립중
1078,공실(임대진행),6,안암역,639-204,27,,,,3단계. 감정평가
1079,네트워크,6,고려대역,640-101,35,2022-02-03,2027-05-04,7763133,
1080,공실(임대진행),6,고려대역,640-102,38.4,,,,5단계. 입찰공고
1081,네트워크,6,고려대역,640-103,63,2022-09-06,2028-01-04,1660862,
1082,네트워크,6,고려대역,640-104,37,2022-09-06,2028-01-04,,
1083,네트워크,6,고려대역,640-105,25,2022-09-06,2028-01-04,,
1084,네트워크,6,월곡역,641-101,35,2022-02-03,2027-05-04,8190105,
1085,공실,6,월곡역,641-102,27,,,,2단계. 시설물 점검
1086,공실(임대진행),6,월곡역,641-103,30,,,,3단계. 감정평가
1087,개별(일반),6,월곡역,641-201,31.83,2018-11-27,2023-12-26,1050000,
1088,공실,6,월곡역,641-202,16,,,,1단계. 사업계획 수립중
1089,네트워크,6,월곡역,641-203,58,2022-08-01,2027-12-29,1315554,
1090,네트워크,6,상월곡역,642-201,38.4,2022-02-03,2027-05-04,3108802,
1091,공실,6,상월곡역,642-205,95,,,,2단계. 시설물 점검
1092,네트워크,6,돌곶이역,643-101,37.8,2022-02-03,2027-05-04,6371979,
1093,공실(임대진행),6,돌곶이역,643-102,53,,,,5단계. 입찰공고
1094,개별(일반),6,돌곶이역,643-103,30,2022-08-30,2027-09-29,1600000,
1095,개별(일반),6,돌곶이역,643-104,41,2020-07-24,2025-08-23,3270000,
1096,네트워크,6,돌곶이역,643-105,22,2022-09-07,2028-02-04,967452,
1097,개별(일반),6,돌곶이역,643-106,15,2022-08-30,2027-09-29,700000,
1098,공실,6,돌곶이역,643-107,37,,,,2단계. 시설물 점검
1099,공실,6,석계역,644-102,72,,,,2단계. 시설물 점검
1100,공실,6,석계역,644-103,17,,,,1단계. 사업계획 수립중
1101,공실,6,석계역,644-104,17,,,,1단계. 사업계획 수립중
1102,공실,6,석계역,644-105,17,,,,1단계. 사업계획 수립중
1103,공실,6,석계역,644-106,33,,,,1단계. 사업계획 수립중
1104,공실,6,석계역,644-107,29,,,,1단계. 사업계획 수립중
1105,네트워크,6,석계역,644-202,25.7,2021-09-06,2026-11-05,6595610,
1106,네트워크,6,석계역,644-205,58,2022-02-03,2027-05-04,11771128,
1107,공실,6,석계역,644-209,30,,,,1단계. 사업계획 수립중
1108,공실,6,석계역,644-210,49,,,,2단계. 시설물 점검
1109,공실,6,석계역,644-211,33,,,,1단계. 사업계획 수립중
1110,네트워크,6,석계역,644-212,33,2022-09-07,2028-02-04,2619948,
1111,공실,6,태릉입구(6)역,645-101,22.97,,,,1단계. 사업계획 수립중
1112,개별(일반),6,태릉입구(6)역,645-103,31.5,2019-10-29,2024-11-27,1290000,
1113,개별(일반),6,태릉입구(6)역,645-104,40,2019-11-12,2024-12-11,1680000,
1114,개별(일반),6,태릉입구(6)역,645-106,36,2021-01-15,2026-03-01,729000,
1115,공실(임대진행),6,태릉입구(6)역,645-109,39,,,,5단계. 입찰공고
1116,네트워크,6,태릉입구(6)역,645-110,78,,,,
1117,공실(임대진행),6,태릉입구(6)역,645-112,38,,,,3단계. 감정평가
1118,개별(일반),6,태릉입구(6)역,645-113,33,2020-07-23,2025-08-22,1483300,
1119,공실,6,태릉입구(6)역,645-114,97,,,,1단계. 사업계획 수립중
1120,네트워크,6,태릉입구(6)역,645-301,27.27,2018-05-12,2023-07-10,2212067,
1121,네트워크,6,화랑대역,646-101,30,2022-02-03,2027-05-04,5423103,
1122,공실,6,화랑대역,646-102,34.6,,,,2단계. 시설물 점검
1123,개별(일반),6,화랑대역,646-103,32,2019-09-23,2024-09-22,1130000,
1124,공실(임대진행),6,화랑대역,646-104,50,,,,3단계. 감정평가
1125,공실(임대진행),6,화랑대역,646-105,30,,,,3단계. 감정평가
1126,개별(일반),6,화랑대역,646-106,28,2020-07-06,2025-08-05,4014800,
1127,네트워크,6,화랑대역,646-107,35,2022-09-07,2028-02-04,873316,
1128,네트워크,6,봉화산역,647-101,47,2022-02-03,2027-05-04,5003894,
1129,공실(임대진행),6,봉화산역,647-103,87,,,,3단계. 감정평가
1130,공실(임대진행),6,봉화산역,647-105,33,,,,3단계. 감정평가
1131,개별(일반),6,봉화산역,647-107,27,2020-07-06,2025-08-05,1130000,
1132,공실(임대진행),7,도봉산역,710-006,36,,,,3단계. 감정평가
1133,개별(일반),7,도봉산역,710-007,44,2020-07-24,2025-08-23,1110000,
1134,개별(일반),7,도봉산역,710-008,38,2020-07-02,2025-08-01,1083300,
1135,개별(대형),7,수락산역,711-102,47.43,2019-05-08,2024-10-11,163900,
1136,개별(일반),7,수락산역,711-201,40.08,2019-12-21,2025-01-19,1150000,
1137,네트워크,7,수락산역,711-202,37.88,2020-02-13,2025-04-12,8858850,
1138,개별(일반),7,수락산역,711-203,56.48,2019-10-29,2024-11-27,1670000,
1139,공실(임대진행),7,수락산역,711-204,44,,,,3단계. 감정평가
1140,공실(임대진행),7,수락산역,711-205,43,,,,3단계. 감정평가
1141,공실(임대진행),7,수락산역,711-206,44,,,,4단계. 방침수립
1142,개별(일반),7,수락산역,711-207,58,2020-07-02,2025-08-01,1767700,
1143,개별(일반),7,마들역,712-101,33,2020-05-29,2025-06-28,466600,
1144,개별(일반),7,마들역,712-102,33,2019-10-29,2024-11-27,500000,
1145,개별(일반),7,마들역,712-105,33,2020-03-02,2025-05-01,2466000,
1146,개별(일반),7,마들역,712-106,33,2020-03-02,2025-05-01,,
1147,개별(일반),7,마들역,712-107,33,2020-03-02,2025-05-01,,
1148,개별(일반),7,마들역,712-108,33,2020-06-15,2025-07-15,500000,
1149,공실(임대진행),7,마들역,712-109,33,,,,3단계. 감정평가
1150,네트워크,7,마들역,712-111,33.11,2020-02-13,2025-04-12,6137560,
1151,네트워크,7,마들역,712-113,230.7,2021-05-07,2026-11-03,2120183,
1152,개별(일반),7,마들역,712-114,33,2020-03-02,2025-05-01,,
1153,개별(일반),7,마들역,712-115,33,2020-03-02,2025-05-01,,
1154,개별(일반),7,마들역,712-116,45,2020-03-02,2025-05-01,,
1155,개별(일반),7,마들역,712-117,35,2020-03-02,2025-05-01,,
1156,개별(일반),7,마들역,712-118,35,2020-03-02,2025-05-01,,
1157,개별(일반),7,마들역,712-119,36,2020-03-02,2025-05-01,,
1158,개별(일반),7,마들역,712-120,31,2020-03-02,2025-05-01,,
1159,개별(일반),7,마들역,712-202,45,2022-08-29,2027-09-28,1700000,
1160,개별(일반),7,마들역,712-203,45,2021-11-23,2026-12-23,1401600,
1161,개별(일반),7,마들역,712-204,20,2020-07-02,2025-08-01,648100,
1162,복합,7,노원(7)역,713-101,36.4,2016-07-08,2026-11-06,27138714,
1163,복합,7,노원(7)역,713-102,29,2016-07-08,2026-11-06,,
1164,복합,7,노원(7)역,713-103,29,2016-07-08,2026-11-06,,
1165,복합,7,노원(7)역,713-104,51,2016-07-08,2026-11-06,,
1166,복합,7,노원(7)역,713-106,24,2016-07-08,2026-11-06,,
1167,복합,7,노원(7)역,713-107,28.3,2016-07-08,2026-11-06,,
1168,복합,7,노원(7)역,713-108,32.5,2016-07-08,2026-11-06,,
1169,복합,7,노원(7)역,713-109,33.6,2016-07-08,2026-11-06,,
1170,복합,7,노원(7)역,713-110,33.6,2016-07-08,2026-11-06,,
1171,복합,7,노원(7)역,713-111,33.6,2016-07-08,2026-11-06,,
1172,복합,7,노원(7)역,713-112,33.6,2016-07-08,2026-11-06,,
1173,복합,7,노원(7)역,713-113,33.6,2016-07-08,2026-11-06,,
1174,복합,7,노원(7)역,713-114,41,2016-07-08,2026-11-06,,
1175,복합,7,노원(7)역,713-115,18,2016-07-08,2026-11-06,,
1176,네트워크,7,노원(7)역,713-116,55.15,2020-02-13,2025-04-12,19781190,
1177,복합,7,노원(7)역,713-117,45,2016-07-08,2026-11-06,,
1178,복합,7,노원(7)역,713-118,33,2016-07-08,2026-11-06,,
1179,개별(일반),7,노원(7)역,713-120,17,2020-07-02,2025-08-01,2560000,
1180,개별(일반),7,노원(7)역,713-121,24,2020-06-29,2025-07-29,2510000,
1181,공실(임대진행),7,노원(7)역,713-202,40,,,,3단계. 감정평가
1182,공실(임대진행),7,노원(7)역,713-203,37,,,,3단계. 감정평가
1183,개별(일반),7,노원(7)역,713-255,52,2020-02-01,2025-01-31,599400,
1184,네트워크,7,중계역,714-101,30.6,2022-09-07,2028-02-04,832939,
1185,개별(대형),7,중계역,714-102,105.6,2019-09-23,2024-09-22,4560000,
1186,네트워크,7,중계역,714-201,32.91,2020-02-13,2025-04-12,8936070,
1187,공실(임대진행),7,중계역,714-204,34,,,,3단계. 감정평가
1188,네트워크,7,중계역,714-205,41,2022-08-01,2027-12-29,929961,
1189,공실(임대진행),7,중계역,714-206,59,,,,3단계. 감정평가
1190,개별(일반),7,하계역,715-101,55.01,2019-12-18,2024-12-17,7260000,
1191,네트워크,7,하계역,715-102,40.8,2020-02-13,2025-04-12,14478750,
1192,개별(일반),7,하계역,715-103,36.57,2019-10-08,2024-11-06,4310000,
1193,공실(임대진행),7,하계역,715-104,65,,,,3단계. 감정평가
1194,네트워크,7,하계역,715-106,32,2022-08-30,2028-01-27,906839,
1195,공실,7,하계역,715-107,32,,,,1단계. 사업계획 수립중
1196,개별(일반),7,하계역,715-108,26,2020-07-01,2025-07-31,2250000,
1197,개별(일반),7,하계역,715-109,70,2020-06-30,2025-07-30,4770000,
1198,네트워크,7,하계역,715-111,33,2022-08-01,2027-12-29,898206,
1199,네트워크,7,공릉역,716-101,29.88,2018-05-09,2023-07-07,1767769,
1200,네트워크,7,공릉역,716-102,28.91,2020-02-13,2025-04-12,7699120,
1201,개별(일반),7,공릉역,716-103,29.42,2019-10-05,2024-11-03,3230000,
1202,개별(일반),7,공릉역,716-104,30,2020-07-01,2025-07-31,2300000,
1203,개별(일반),7,공릉역,716-105,50,2020-07-01,2025-07-31,3600000,
1204,공실(임대진행),7,공릉역,716-106,40,,,,3단계. 감정평가
1205,네트워크,7,태릉입구(7)역,717-102,37.14,2020-02-13,2025-04-12,9603880,
1206,네트워크,7,태릉입구(7)역,717-105,31,2022-08-30,2028-01-27,718035,
1207,공실(임대진행),7,태릉입구(7)역,717-112,33,,,,3단계. 감정평가
1208,개별(일반),7,태릉입구(7)역,717-302,59,2018-02-23,2023-03-24,8630000,
1209,개별(일반),7,태릉입구(7)역,717-303,59,2018-02-23,2023-03-24,8630000,
1210,네트워크,7,태릉입구(7)역,717-304,50,2022-08-01,2027-12-29,1020689,
1211,네트워크,7,태릉입구(7)역,717-305,40,,,,
1212,개별(일반),7,태릉입구(7)역,717-307,45,2020-07-23,2025-08-22,2033300,
1213,공실(임대진행),7,먹골역,718-101,48,,,,3단계. 감정평가
1214,네트워크,7,먹골역,718-109,34,2022-08-30,2028-01-27,814212,
1215,네트워크,7,먹골역,718-201,24.38,2020-02-13,2025-04-12,6181890,
1216,공실(임대진행),7,먹골역,718-202,58,,,,3단계. 감정평가
1217,공실(임대진행),7,먹골역,718-203,57,,,,3단계. 감정평가
1218,공실(임대진행),7,먹골역,718-205,35,,,,3단계. 감정평가
1219,공실(임대진행),7,먹골역,718-206,35,,,,3단계. 감정평가
1220,네트워크,7,중화역,719-101,29.7,2020-02-13,2025-04-12,7671950,
1221,개별(일반),7,중화역,719-102,39.02,2020-03-12,2025-04-11,3560000,
1222,복합,7,중화역,719-103,28.43,2022-06-19,2027-06-18,8753436,
1223,복합,7,중화역,719-104,39.57,2022-06-19,2027-06-18,,
1224,복합,7,중화역,719-105,37.38,2022-06-19,2027-06-18,,
1225,복합,7,중화역,719-106,95.23,2022-06-19,2027-06-18,,
1226,개별(일반),7,중화역,719-109,30,2020-04-17,2025-05-17,2789300,
1227,공실(임대진행),7,중화역,719-112,44,,,,3단계. 감정평가
1228,공실,7,중화역,719-113,50,,,,1단계. 사업계획 수립중
1229,네트워크,7,중화역,719-114,18,2022-08-30,2028-01-27,855144,
1230,공실,7,중화역,719-115,45,,,,2단계. 시설물 점검
1231,공실,7,중화역,719-202,70,,,,1단계. 사업계획 수립중
1232,공실,7,중화역,719-203,50,,,,1단계. 사업계획 수립중
1233,네트워크,7,상봉역,720-102,60,,,,
1234,개별(일반),7,상봉역,720-201,43.09,2018-09-28,2023-11-26,4246900,
1235,네트워크,7,상봉역,720-202,45.48,2020-02-13,2025-04-12,13788060,
1236,공실(임대진행),7,상봉역,720-203,74,,,,5단계. 입찰공고
1237,공실,7,상봉역,720-205,52,,,,1단계. 사업계획 수립중
1238,공실,7,상봉역,720-206,78,,,,2단계. 시설물 점검
1239,네트워크,7,면목역,721-101,29,2018-05-09,2023-07-07,2132026,
1240,네트워크,7,면목역,721-102,36.08,2020-02-13,2025-04-12,10569130,
1241,개별(일반),7,면목역,721-103,32,2020-06-08,2025-07-08,4500000,
1242,개별(일반),7,면목역,721-104,16.8,2019-09-20,2024-10-19,1850000,
1243,복합,7,면목역,721-105,24,2022-08-22,2028-01-19,1475751,
1244,복합,7,면목역,721-106,78,2022-08-22,2028-01-19,4801866,
1245,복합,7,면목역,721-108,52,2022-08-22,2028-01-19,2281738,
1246,복합,7,면목역,721-109,53,2022-08-22,2028-01-19,2327146,
1247,복합,7,면목역,721-110,107,2022-08-22,2028-01-19,4699699,
1248,개별(일반),7,면목역,721-301,64,2019-09-23,2024-09-22,4500300,
1249,복합,7,면목역,721-302,45.56,2022-06-19,2027-06-18,5856569,
1250,복합,7,면목역,721-303,55.05,2022-06-19,2027-06-18,,
1251,복합,7,면목역,721-304,16.93,2022-06-19,2027-06-18,,
1252,복합,7,면목역,721-305,16.68,2022-06-19,2027-06-18,,
1253,공실(임대진행),7,사가정역,722-102,58,,,,4단계. 방침수립
1254,공실(임대진행),7,사가정역,722-103,112,,,,4단계. 방침수립
1255,공실(임대진행),7,사가정역,722-104,46,,,,4단계. 방침수립
1256,개별(일반),7,사가정역,722-301,21.9,2019-05-21,2024-06-19,233500,
1257,네트워크,7,사가정역,722-302,32.21,2020-02-13,2025-04-12,11204050,
1258,복합,7,사가정역,722-303,26.03,2022-06-19,2027-06-18,10260995,
1259,복합,7,사가정역,722-304,25.64,2022-06-19,2027-06-18,,
1260,복합,7,사가정역,722-305,106.54,2022-06-19,2027-06-18,,
1261,복합,7,사가정역,722-306,41.82,2022-06-19,2027-06-18,,
1262,복합,7,사가정역,722-307,35.13,2022-06-19,2027-06-18,,
1263,네트워크,7,사가정역,722-309,93,2022-07-18,2027-10-16,9090023,
1264,네트워크,7,용마산역,723-101,28.8,2020-02-13,2025-04-12,5070780,
1265,공실(임대진행),7,용마산역,723-105,66,,,,3단계. 감정평가
1266,개별(일반),7,용마산역,723-106,36,2020-11-18,2025-12-18,1382400,
1267,개별(일반),7,용마산역,723-107,35,2020-11-18,2025-12-18,,
1268,공실,7,용마산역,723-301,55,,,,2단계. 시설물 점검
1269,네트워크,7,용마산역,723-302,55,2022-08-01,2027-12-29,1309883,
1270,개별(일반),7,용마산역,723-303,58,2020-11-18,2025-12-18,,
1271,네트워크,7,중곡역,724-101,35.16,2020-02-13,2025-04-12,5995990,
1272,개별(일반),7,중곡역,724-201,46.99,2020-10-23,2025-11-22,2500300,
1273,공실,7,중곡역,724-202,46,,,,2단계. 시설물 점검
1274,공실,7,중곡역,724-203,14,,,,1단계. 사업계획 수립중
1275,네트워크,7,군자(7)역,725-101,54.82,2020-02-13,2025-04-12,14890590,
1276,개별(일반),7,군자(7)역,725-102,43,2021-11-25,2026-12-25,3180000,
1277,공실,7,군자(7)역,725-104,50,,,,1단계. 사업계획 수립중
1278,공실(임대진행),7,군자(7)역,725-105,55,,,,3단계. 감정평가
1279,네트워크,7,군자(7)역,725-301,33.9,2018-05-12,2023-07-10,2618429,
1280,네트워크,7,군자(7)역,725-302,86.95,2018-05-09,2023-07-07,3196209,
1281,공실(임대진행),7,군자(7)역,725-303,32.7,,,,4단계. 방침수립
1282,네트워크,7,군자(7)역,725-304,20,2021-02-25,2026-04-26,4336640,
1283,네트워크,7,군자(7)역,725-305,24.24,,,,
1284,개별(일반),7,군자(7)역,725-306,23.5,2019-12-21,2025-01-19,5032000,
1285,공실,7,군자(7)역,725-307,33,,,,1단계. 사업계획 수립중
1286,공실,7,군자(7)역,725-308,27,,,,2단계. 시설물 점검
1287,공실(임대진행),7,군자(7)역,725-309,31,,,,5단계. 입찰공고
1288,네트워크,7,군자(7)역,725-310,27,,,,
1289,네트워크,7,어린이대공원역,726-101,35.6,2020-02-13,2025-04-12,12632620,
1290,공실(임대진행),7,어린이대공원역,726-102,18.48,,,,3단계. 감정평가
1291,공실(임대진행),7,어린이대공원역,726-103,34.61,,,,3단계. 감정평가
1292,공실(임대진행),7,어린이대공원역,726-104,70,,,,3단계. 감정평가
1293,공실(임대진행),7,어린이대공원역,726-105,60,,,,3단계. 감정평가
1294,공실(임대진행),7,어린이대공원역,726-201,37,,,,3단계. 감정평가
1295,공실(임대진행),7,어린이대공원역,726-202,37,,,,3단계. 감정평가
1296,공실(임대진행),7,어린이대공원역,726-203,56,,,,3단계. 감정평가
1297,공실(임대진행),7,어린이대공원역,726-204,46,,,,3단계. 감정평가
1298,공실(임대진행),7,어린이대공원역,726-205,30,,,,3단계. 감정평가
1299,공실(임대진행),7,어린이대공원역,726-206,22,,,,3단계. 감정평가
1300,개별(대형),7,건대입구(7)역,727-101,867.64,2020-09-15,2025-09-14,18989000,
1301,개별(일반),7,건대입구(7)역,727-201,76,2020-01-09,2025-02-07,25650000,
1302,네트워크,7,건대입구(7)역,727-202,37.36,2020-02-13,2025-04-12,13409110,
1303,공실(임대진행),7,건대입구(7)역,727-204,75,,,,3단계. 감정평가
1304,공실(임대진행),7,건대입구(7)역,727-205,30,,,,3단계. 감정평가
1305,공실(임대진행),7,건대입구(7)역,727-206,29,,,,3단계. 감정평가
1306,공실(임대진행),7,건대입구(7)역,727-301,26,,,,5단계. 입찰공고
1307,공실(임대진행),7,건대입구(7)역,727-302,32,,,,4단계. 방침수립
1308,네트워크,7,뚝섬유원지역,728-001,29.89,2020-02-13,2025-04-12,5262400,
1309,공실,7,청담역,729-103,33,,,,1단계. 사업계획 수립중
1310,공실,7,청담역,729-301,69.7,,,,1단계. 사업계획 수립중
1311,개별(일반),7,청담역,729-303,97.44,2017-09-01,2022-10-31,2819712,
1312,네트워크,7,청담역,729-306,65.36,2021-02-25,2026-04-26,3417040,
1313,개별(일반),7,청담역,729-307,37.11,2021-03-18,2026-04-17,1500200,
1314,네트워크,7,청담역,729-308,52.34,2020-02-13,2025-04-12,16639480,
1315,개별(일반),7,청담역,729-326,35.2,2019-09-23,2024-09-22,1301600,
1316,공실(임대진행),7,청담역,729-327,154.27,,,,3단계. 감정평가
1317,공실,7,청담역,729-331,25,,,,1단계. 사업계획 수립중
1318,공실,7,청담역,729-332,43,,,,1단계. 사업계획 수립중
1319,네트워크,7,청담역,729-333,55,2022-08-01,2027-12-29,3305896,
1320,공실(임대진행),7,청담역,729-334,35,,,,5단계. 입찰공고
1321,네트워크,7,청담역,729-335,43,2022-08-01,2027-12-29,1999415,
1322,공실,7,청담역,729-340,99,,,,1단계. 사업계획 수립중
1323,공실(임대진행),7,청담역,729-377,25,,,,3단계. 감정평가
1324,네트워크,7,강남구청역,730-101,63.8,2020-02-13,2025-04-12,16140410,
1325,개별(대형),7,강남구청역,730-102,355.7,2019-04-22,2024-07-20,4901000,
1326,복합,7,강남구청역,730-103,472,2021-06-14,2026-09-12,16671500,
1327,복합,7,강남구청역,730-104,,2021-06-14,2026-09-12,,
1328,복합,7,강남구청역,730-105,,2021-06-14,2026-09-12,,
1329,복합,7,강남구청역,730-106,,2021-06-14,2026-09-12,,
1330,복합,7,강남구청역,730-107,,2021-06-14,2026-09-12,,
1331,복합,7,강남구청역,730-108,,2021-06-14,2026-09-12,,
1332,복합,7,강남구청역,730-109,,2021-06-14,2026-09-12,,
1333,복합,7,강남구청역,730-110,,2021-06-14,2026-09-12,,
1334,개별(일반),7,강남구청역,730-111,22,2019-04-19,2026-01-13,3010000,
1335,네트워크,7,강남구청역,730-202,57,2018-05-09,2023-07-07,4388000,
1336,공실,7,강남구청역,730-204,9.2,,,,2단계. 시설물 점검
1337,개별(일반),7,강남구청역,730-205,28,2019-10-24,2024-11-22,2000000,
1338,공실(임대진행),7,강남구청역,730-206,55,,,,5단계. 입찰공고
1339,공실(임대진행),7,강남구청역,730-207,30,,,,3단계. 감정평가
1340,공실(임대진행),7,강남구청역,730-210,41,,,,3단계. 감정평가
1341,공실(임대진행),7,강남구청역,730-211,41,,,,5단계. 입찰공고
1342,공실(임대진행),7,학동역,731-102,16,,,,3단계. 감정평가
1343,네트워크,7,학동역,731-201,55.45,2020-02-13,2025-04-12,15504060,
1344,개별(일반),7,학동역,731-202,16.4,2018-08-14,2023-09-12,2106500,
1345,개별(일반),7,학동역,731-203,17.54,2019-12-21,2025-01-19,4680000,
1346,개별(일반),7,학동역,731-205,31.39,2020-02-24,2025-03-25,2683000,
1347,개별(일반),7,학동역,731-206,29.44,2019-09-20,2024-10-19,4001000,
1348,네트워크,7,학동역,731-208,58,2018-05-09,2023-07-07,4244489,
1349,개별(일반),7,학동역,731-209,68.55,2022-07-08,2027-08-07,3800000,
1350,공실(임대진행),7,학동역,731-210,51,,,,4단계. 방침수립
1351,공실(임대진행),7,학동역,731-211,25,,,,4단계. 방침수립
1352,네트워크,7,학동역,731-212,44,2022-07-18,2027-10-16,7619428,
1353,공실(임대진행),7,학동역,731-213,41,,,,4단계. 방침수립
1354,공실(임대진행),7,학동역,731-214,42,,,,4단계. 방침수립
1355,공실(임대진행),7,학동역,731-215,41,,,,4단계. 방침수립
1356,공실(임대진행),7,학동역,731-216,21,,,,4단계. 방침수립
1357,개별(일반),7,논현역,732-102,63.44,2019-12-10,2025-01-08,5606500,
1358,개별(일반),7,논현역,732-103,37.8,2022-04-28,2027-05-28,2910000,
1359,네트워크,7,논현역,732-104,44.65,2020-02-13,2025-04-12,13317590,
1360,공실(임대진행),7,논현역,732-105,33.6,,,,3단계. 감정평가
1361,공실(임대진행),7,논현역,732-107,35,,,,3단계. 감정평가
1362,공실,7,논현역,732-108,29,,,,2단계. 시설물 점검
1363,네트워크,7,논현역,732-201,29.92,2021-09-06,2026-11-05,3906413,
1364,개별(일반),7,논현역,732-202,30,2018-02-23,2023-03-24,6820000,
1365,네트워크,7,논현역,732-203,23,2020-12-23,2026-03-23,2077017,
1366,공실(임대진행),7,논현역,732-207,50,,,,3단계. 감정평가
1367,공실(임대진행),7,논현역,732-208,50,,,,3단계. 감정평가
1368,공실(임대진행),7,논현역,732-209,33,,,,3단계. 감정평가
1369,공실(임대진행),7,논현역,732-210,25,,,,3단계. 감정평가
1370,공실(임대진행),7,논현역,732-212,75,,,,3단계. 감정평가
1371,복합,7,반포역,733-102,277.14,2017-12-02,2023-03-01,,
1372,복합,7,반포역,733-103,75.48,2017-12-02,2023-03-01,,
1373,복합,7,반포역,733-111,1260.58,2017-12-02,2023-03-01,15229200,
1374,복합,7,반포역,733-112,,2017-12-02,2023-03-01,,
1375,복합,7,반포역,733-113,,2017-12-02,2023-03-01,,
1376,복합,7,반포역,733-114,,2017-12-02,2023-03-01,,
1377,복합,7,반포역,733-115,,2017-12-02,2023-03-01,,
1378,개별(일반),7,반포역,733-138,40,2020-06-04,2025-07-04,2700000,
1379,네트워크,7,반포역,733-154,40.36,2020-02-13,2025-04-12,7854990,
1380,공실(임대진행),7,반포역,733-156,30,,,,3단계. 감정평가
1381,공실(임대진행),7,반포역,733-201,43,,,,3단계. 감정평가
1382,공실,7,반포역,733-202,42,,,,2단계. 시설물 점검
1383,개별(일반),7,고속터미널(7)역,734-101,556,2021-01-05,2026-04-05,6666600,
1384,공실(임대진행),7,고속터미널(7)역,734-140,95,,,,5단계. 입찰공고
1385,개별(일반),7,고속터미널(7)역,734-201,44,2019-06-25,2024-07-24,3020000,
1386,복합,7,고속터미널(7)역,734-202,123.69,2017-06-09,2022-11-06,145000000,
1387,복합,7,고속터미널(7)역,734-203,,2017-06-09,2022-11-06,,
1388,복합,7,고속터미널(7)역,734-204,,2017-06-09,2022-11-06,,
1389,복합,7,고속터미널(7)역,734-205,44.31,2017-06-09,2022-11-06,,
1390,복합,7,고속터미널(7)역,734-206,62.77,2017-06-09,2022-11-06,,
1391,복합,7,고속터미널(7)역,734-207,,2017-06-09,2022-11-06,,
1392,복합,7,고속터미널(7)역,734-208,,2017-06-09,2022-11-06,,
1393,개별(일반),7,고속터미널(7)역,734-209,360,2022-08-12,2027-08-11,4750000,
1394,복합,7,고속터미널(7)역,734-210,231.28,2017-06-09,2022-11-06,,
1395,복합,7,고속터미널(7)역,734-211,,2017-06-09,2022-11-06,,
1396,복합,7,고속터미널(7)역,734-212,,2017-06-09,2022-11-06,,
1397,복합,7,고속터미널(7)역,734-213,,2017-06-09,2022-11-06,,
1398,복합,7,고속터미널(7)역,734-214,376.56,2017-06-09,2022-11-06,,
1399,네트워크,7,고속터미널(7)역,734-215,60.27,2020-02-13,2025-04-12,23453430,
1400,네트워크,7,고속터미널(7)역,734-216,71.53,2021-09-06,2026-11-05,7914283,
1401,개별(일반),7,내방역,735-101,45,2022-08-26,2027-09-25,3850000,
1402,네트워크,7,내방역,735-103,62.21,2020-02-13,2025-04-12,15240940,
1403,개별(일반),7,내방역,735-201,30.78,2022-06-09,2027-07-09,2179000,
1404,공실(임대진행),7,내방역,735-202,34,,,,3단계. 감정평가
1405,네트워크,7,내방역,735-203,28,2022-08-01,2027-12-29,1619492,
1406,네트워크,7,내방역,735-204,28,2022-07-18,2027-10-16,3967708,
1407,개별(대형),7,이수(7)역,736-101,592,2018-12-20,2024-04-18,10552300,
1408,개별(일반),7,이수(7)역,736-102,48,2022-05-04,2027-06-03,540000,
1409,공실,7,이수(7)역,736-103,51,,,,2단계. 시설물 점검
1410,공실,7,이수(7)역,736-104,51,,,,2단계. 시설물 점검
1411,공실,7,이수(7)역,736-112,74,,,,2단계. 시설물 점검
1412,공실(임대진행),7,이수(7)역,736-301,24.01,,,,5단계. 입찰공고
1413,공실,7,이수(7)역,736-302,38.02,,,,1단계. 사업계획 수립중
1414,공실(임대진행),7,이수(7)역,736-303,129.35,,,,3단계. 감정평가
1415,네트워크,7,이수(7)역,736-307,54.05,2020-02-13,2025-04-12,14677520,
1416,개별(일반),7,이수(7)역,736-308,9.84,2020-03-02,2025-04-01,2250000,
1417,네트워크,7,이수(7)역,736-310,27.22,2021-02-25,2026-04-26,4532176,
1418,공실(임대진행),7,이수(7)역,736-311,74.41,,,,3단계. 감정평가
1419,네트워크,7,이수(7)역,736-313,22.5,2018-11-27,2024-01-25,1865751,
1420,공실,7,이수(7)역,736-315,64,,,,1단계. 사업계획 수립중
1421,공실,7,이수(7)역,736-316,35,,,,1단계. 사업계획 수립중
1422,공실,7,이수(7)역,736-317,25,,,,1단계. 사업계획 수립중
1423,네트워크,7,남성역,737-101,45.25,2020-02-13,2025-04-12,9788350,
1424,공실(임대진행),7,남성역,737-204,15,,,,3단계. 감정평가
1425,공실(임대진행),7,남성역,737-205,50,,,,3단계. 감정평가
1426,네트워크,7,숭실대입구역,738-101,39.29,2020-02-13,2025-04-12,9835540,
1427,네트워크,7,숭실대입구역,738-102,22.02,2021-09-06,2026-11-05,3552070,
1428,네트워크,7,숭실대입구역,738-201,37,2018-05-09,2023-07-07,2373626,
1429,네트워크,7,숭실대입구역,738-202,35.7,2022-08-01,2027-12-29,1781442,
1430,개별(일반),7,숭실대입구역,738-203,42,2018-11-20,2023-12-19,1300000,
1431,공실(임대진행),7,숭실대입구역,738-204,28,,,,3단계. 감정평가
1432,공실(임대진행),7,숭실대입구역,738-213,30,,,,3단계. 감정평가
1433,개별(일반),7,숭실대입구역,738-501,116,2020-08-05,2025-08-04,1430000,
1434,네트워크,7,상도역,739-101,112.57,2020-02-13,2025-04-12,21907600,
1435,공실,7,상도역,739-201,25.2,,,,1단계. 사업계획 수립중
1436,공실(임대진행),7,상도역,739-202,50,,,,5단계. 입찰공고
1437,공실(임대진행),7,상도역,739-203,34,,,,3단계. 감정평가
1438,공실(임대진행),7,상도역,739-204,26,,,,3단계. 감정평가
1439,네트워크,7,장승배기역,740-101,36.18,2020-02-13,2025-04-12,8185320,
1440,개별(일반),7,장승배기역,740-201,35.52,2019-06-25,2024-07-24,2710000,
1441,공실(임대진행),7,장승배기역,740-202,54,,,,4단계. 방침수립
1442,공실(임대진행),7,장승배기역,740-203,40,,,,4단계. 방침수립
1443,공실,7,장승배기역,740-204,60,,,,1단계. 사업계획 수립중
1444,공실(임대진행),7,장승배기역,740-205,80,,,,4단계. 방침수립
1445,공실(임대진행),7,장승배기역,740-207,38,,,,4단계. 방침수립
1446,네트워크,7,신대방삼거리역,741-101,51.49,2020-02-13,2025-04-12,13025870,
1447,개별(일반),7,신대방삼거리역,741-102,55,2022-09-01,2027-10-01,2801000,
1448,네트워크,7,신대방삼거리역,741-201,25.06,2018-05-09,2023-07-07,1607650,
1449,개별(일반),7,신대방삼거리역,741-202,34,2018-08-14,2023-09-12,1818300,
1450,개별(일반),7,신대방삼거리역,741-203,61,2022-09-23,2027-10-23,2428100,
1451,공실,7,신대방삼거리역,741-204,43,,,,1단계. 사업계획 수립중
1452,공실,7,신대방삼거리역,741-205,43,,,,1단계. 사업계획 수립중
1453,공실,7,신대방삼거리역,741-206,49,,,,2단계. 시설물 점검
1454,공실,7,신대방삼거리역,741-207,27,,,,2단계. 시설물 점검
1455,네트워크,7,신대방삼거리역,741-208,42,2022-08-01,2027-12-29,1762389,
1456,네트워크,7,신대방삼거리역,741-209,42,2022-06-20,2027-08-19,1771200,
1457,네트워크,7,신대방삼거리역,741-210,42,2022-09-07,2028-02-04,1786328,
1458,네트워크,7,보라매역,742-103,27.58,2020-02-13,2025-04-12,6309160,
1459,네트워크,7,보라매역,742-105,38,2022-07-18,2027-10-16,3799002,
1460,네트워크,7,보라매역,742-106,39,2022-08-01,2027-12-29,1857653,
1461,공실(임대진행),7,보라매역,742-107,32,,,,3단계. 감정평가
1462,개별(일반),7,신풍역,743-103,30,2019-12-17,2025-01-15,2020000,
1463,네트워크,7,신풍역,743-104,32.82,2020-02-13,2025-04-12,8322600,
1464,공실(임대진행),7,신풍역,743-106,47,,,,3단계. 감정평가
1465,공실(임대진행),7,신풍역,743-108,40,,,,4단계. 방침수립
1466,공실(임대진행),7,신풍역,743-109,45,,,,4단계. 방침수립
1467,공실(임대진행),7,신풍역,743-110,45,,,,4단계. 방침수립
1468,공실(임대진행),7,신풍역,743-111,30,,,,4단계. 방침수립
1469,공실,7,신풍역,743-112,30,,,,2단계. 시설물 점검
1470,복합,7,대림(7)역,744-001,41.1,2017-05-22,2027-09-19,18124700,
1471,네트워크,7,대림(7)역,744-002,21.05,2020-12-23,2026-03-23,3920862,
1472,개별(일반),7,대림(7)역,744-003,22,2018-04-21,2023-05-20,7222000,
1473,공실,7,대림(7)역,744-004,22,,,,1단계. 사업계획 수립중
1474,네트워크,7,대림(7)역,744-101,49.58,2018-11-27,2024-01-25,6370659,
1475,개별(일반),7,대림(7)역,744-102,44.74,2020-06-08,2025-07-08,6600000,
1476,복합,7,대림(7)역,744-103,68,2017-05-22,2027-09-19,12446500,
1477,네트워크,7,대림(7)역,744-104,29.51,2020-02-13,2025-04-12,13230360,
1478,공실,7,대림(7)역,744-105,40,,,,2단계. 시설물 점검
1479,공실(임대진행),7,대림(7)역,744-106,39,,,,5단계. 입찰공고
1480,공실(임대진행),7,대림(7)역,744-107,39,,,,5단계. 입찰공고
1481,공실,7,대림(7)역,744-108,30,,,,2단계. 시설물 점검
1482,네트워크,7,남구로역,745-101,33.67,2020-02-13,2025-04-12,8428420,
1483,공실,7,남구로역,745-103,40,,,,2단계. 시설물 점검
1484,공실(임대진행),7,남구로역,745-104,32,,,,3단계. 감정평가
1485,공실(임대진행),7,남구로역,745-201,69.14,,,,4단계. 방침수립
1486,공실,7,남구로역,745-202,22,,,,2단계. 시설물 점검
1487,공실,7,남구로역,745-203,43,,,,2단계. 시설물 점검
1488,공실(임대진행),7,가산디지털단지역,746-001,31.71,,,,4단계. 방침수립
1489,개별(일반),7,가산디지털단지역,746-101,34,2018-09-28,2023-10-27,7512000,
1490,네트워크,7,가산디지털단지역,746-103,69,2022-09-06,2028-01-04,975346,
1491,네트워크,7,가산디지털단지역,746-301,41.97,2018-11-27,2024-01-25,3747959,
1492,네트워크,7,가산디지털단지역,746-302,35.8,2020-02-13,2025-04-12,16485040,
1493,네트워크,7,철산역,747-101,36.61,2020-02-13,2025-04-12,12851410,
1494,복합,7,철산역,747-102,30,2016-05-02,2023-06-06,20050000,
1495,복합,7,철산역,747-103,18,2016-05-02,2023-06-06,,
1496,복합,7,철산역,747-105,63,2016-05-02,2023-06-06,,
1497,복합,7,철산역,747-106,71,2016-05-02,2023-06-06,,
1498,복합,7,철산역,747-109,42,2016-05-02,2023-06-06,,
1499,네트워크,7,광명사거리역,748-101,45.74,2021-02-25,2026-04-26,5844784,
1500,네트워크,7,광명사거리역,748-102,34.27,2020-02-13,2025-04-12,12292280,
1501,네트워크,7,광명사거리역,748-103,13,2022-08-30,2028-01-27,1204446,
1502,네트워크,7,광명사거리역,748-201,37.17,2020-12-23,2026-03-23,3849143,
1503,네트워크,7,광명사거리역,748-204,37,2022-09-07,2028-02-04,3063410,
1504,공실(임대진행),7,광명사거리역,748-205,40,,,,5단계. 입찰공고
1505,공실(임대진행),7,광명사거리역,748-206,40,,,,4단계. 방침수립
1506,공실(임대진행),7,광명사거리역,748-207,41,,,,5단계. 입찰공고
1507,네트워크,7,천왕역,749-101,36.93,2020-02-13,2025-04-12,6160440,
1508,개별(일반),7,천왕역,749-201,900.39,2016-09-12,2027-03-10,1313400,
1509,개별(일반),7,온수역,750-101,13.5,2021-03-19,2026-04-18,2040000,
1510,개별(일반),7,온수역,750-103,23.1,2018-10-23,2023-11-21,3200000,
1511,네트워크,7,온수역,750-104,29.81,2020-02-13,2025-04-12,6966960,
1512,공실,7,온수역,750-105,41,,,,2단계. 시설물 점검
1513,개별(일반),7,온수역,750-106,35,2021-12-21,2027-01-20,795000,
1514,공실,7,온수역,750-112,60,,,,1단계. 사업계획 수립중
1515,개별(일반),8,암사역,810-101,36.54,2019-10-08,2024-11-06,5130000,
1516,네트워크,8,암사역,810-102,24,2018-05-12,2023-07-10,1853755,
1517,네트워크,8,암사역,810-103,35,2022-02-03,2027-05-04,10014441,
1518,개별(일반),8,암사역,810-104,27.37,2020-12-31,2026-01-30,2150000,
1519,네트워크,8,암사역,810-105,46.46,2022-09-07,2028-02-04,2845467,
1520,네트워크,8,강동구청역,812-101,30,2022-02-03,2027-05-04,6354679,
1521,개별(일반),8,강동구청역,812-102,36.96,2022-08-29,2027-09-28,1833000,
1522,공실,8,강동구청역,812-201,37.45,,,,2단계. 시설물 점검
1523,개별(일반),8,강동구청역,812-202,46.69,2020-06-10,2025-07-10,2500000,
1524,네트워크,8,몽촌토성역,813-101,36,2022-02-03,2027-05-04,5389832,
1525,복합,8,잠실(8)역,814-101,191,2016-01-11,2022-10-07,152935000,
1526,복합,8,잠실(8)역,814-102,118,2016-01-11,2022-10-07,,
1527,복합,8,잠실(8)역,814-103,16,2016-01-11,2022-10-07,,
1528,복합,8,잠실(8)역,814-104,225,2016-01-11,2022-10-07,,
1529,복합,8,잠실(8)역,814-105,52,2016-01-11,2022-10-07,,
1530,복합,8,잠실(8)역,814-106,708,2016-01-11,2022-10-07,,
1531,복합,8,잠실(8)역,814-107,40,2016-01-11,2022-10-07,,
1532,복합,8,잠실(8)역,814-109,48,2016-01-11,2022-10-07,,
1533,복합,8,잠실(8)역,814-110,24,2016-01-11,2022-10-07,,
1534,복합,8,잠실(8)역,814-111,144,2016-01-11,2022-10-07,,
1535,복합,8,잠실(8)역,814-112,24,2016-01-11,2022-10-07,,
1536,복합,8,잠실(8)역,814-113,48,2016-01-11,2022-10-07,,
1537,복합,8,잠실(8)역,814-114,14.23,2016-01-11,2022-10-07,,
1538,복합,8,잠실(8)역,814-115,26,2016-01-11,2022-10-07,,
1539,복합,8,잠실(8)역,814-116,56,2016-01-11,2022-10-07,,
1540,복합,8,잠실(8)역,814-117,56,2016-01-11,2022-10-07,,
1541,복합,8,잠실(8)역,814-118,56,2016-01-11,2022-10-07,,
1542,복합,8,잠실(8)역,814-119,45,2016-01-11,2022-10-07,,
1543,복합,8,잠실(8)역,814-120,48,2016-01-11,2022-10-07,,
1544,복합,8,잠실(8)역,814-121,20,2016-01-11,2022-10-07,,
1545,복합,8,잠실(8)역,814-122,20,2016-01-11,2022-10-07,,
1546,복합,8,잠실(8)역,814-123,20,2016-01-11,2022-10-07,,
1547,공실(임대진행),8,잠실(8)역,814-201,28.6,,,,3단계. 감정평가
1548,복합,8,잠실(8)역,814-202,29,2016-01-11,2022-10-07,,
1549,복합,8,잠실(8)역,814-203,13.5,2016-01-11,2022-10-07,,
1550,복합,8,잠실(8)역,814-204,9.36,2016-01-11,2022-10-07,,
1551,개별(일반),8,석촌역,815-101,30,2022-02-05,2027-03-04,2500000,
1552,네트워크,8,석촌역,815-102,38,2022-02-03,2027-05-04,7290691,
1553,개별(일반),8,송파역,816-101,27.15,2017-09-16,2022-10-15,1712000,
1554,네트워크,8,송파역,816-102,32.2,2022-02-03,2027-05-04,3999566,
1555,공실(임대진행),8,가락시장(8)역,817-101,30.44,,,,4단계. 방침수립
1556,네트워크,8,가락시장(8)역,817-102,33,2022-02-03,2027-05-04,5233461,
1557,개별(일반),8,가락시장(8)역,817-105,52.16,2019-04-09,2024-05-08,4099800,
1558,개별(일반),8,가락시장(8)역,817-106,19.84,2020-02-11,2025-03-11,1012000,
1559,개별(일반),8,가락시장(8)역,817-107,24.61,2019-12-18,2025-01-16,2186000,
1560,네트워크,8,문정역,818-101,30,2022-02-03,2027-05-04,3992468,
1561,네트워크,8,장지역,819-101,35.2,2022-02-03,2027-05-04,8275943,
1562,개별(일반),8,장지역,819-102,38.82,2020-08-31,2025-09-30,4710000,
1563,개별(일반),8,장지역,819-103,12.85,2020-08-03,2025-09-02,2500000,
1564,공실,8,장지역,819-104,251.23,,,,2단계. 시설물 점검
1565,네트워크,8,복정역,820-101,50,2022-02-03,2027-05-04,6487761,
1566,네트워크,8,산성역,821-101,30,2022-02-03,2027-05-04,4358445,
1567,개별(일반),8,남한산성입구역,822-101,34.32,2021-05-13,2026-06-12,2300000,
1568,네트워크,8,남한산성입구역,822-201,36,2022-02-03,2027-05-04,8863280,
1569,개별(일반),8,남한산성입구역,822-202,22.09,2019-12-10,2025-01-08,1590000,
1570,네트워크,8,남한산성입구역,822-203,54.76,2022-05-02,2027-07-31,2155500,
1571,네트워크,8,남한산성입구역,822-204,34.18,2018-05-09,2023-07-07,1977511,
1572,개별(일반),8,남한산성입구역,822-205,17,2022-04-28,2027-05-28,1200000,
1573,개별(일반),8,단대오거리역,823-102,36.78,2021-01-21,2026-02-20,1700000,
1574,네트워크,8,단대오거리역,823-201,32.5,2022-02-03,2027-05-04,6235459,
1575,개별(일반),8,단대오거리역,823-203,54.03,2018-08-31,2023-09-29,7630000,
1576,개별(일반),8,단대오거리역,823-204,75.09,2021-03-18,2026-04-17,3780000,
1577,네트워크,8,신흥역,824-101,40,2022-02-03,2027-05-04,4391715,
1578,네트워크,8,수진역,825-101,40,2022-02-03,2027-05-04,4036829,
1579,네트워크,8,모란역,826-101,50,2022-02-03,2027-05-04,3770665,
,개별,9,개화역,,69.56,,,,
,개별,9,개화역,,70.4,,,,
,개별,9,개화역,,35.2,,,,
,개별,9,개화역,,35.2,,,,
,개별,9,김포공항역,,99,,,,
,개별,9,김포공항역,,39.86,,,,
,개별,9,공항시장역,,38.08,,,,
,개별,9,공항시장역,,121.75,,,,
,개별,9,공항시장역,,192.89,,,,
,공실,9,공항시장역,,45.95,,,,
,개별,9,신방화,,137.04,,,,
,개별,9,신방화,,52.56,,,,
,개별,9,신방화,,41.26,,,,
,개별,9,신방화,,69.84,,,,
,개별,9,신방화,,26.47,,,,
,공실,9,신방화,,57.34,,,,
,개별,9,마곡나루,,33.8,,,,
,개별,9,마곡나루,,33.8,,,,
,개별,9,마곡나루,,33.8,,,,
,개별,9,마곡나루,,33.8,,,,
,개별,9,마곡나루,,96.16,,,,
,개별,9,가양역,,198.5,,,,
,개별,9,가양역,,51.09,,,,
,개별,9,가양역,,55.2,,,,
,개별,9,가양역,,44.76,,,,
,개별,9,가양역,,47.16,,,,
,개별,9,가양역,,40.07,,,,
,개별,9,가양역,,35.13,,,,
,개별,9,증미역,,34.52,,,,
,개별,9,등촌,,19.78,,,,
,개별,9,등촌,,8.28,,,,
,개별,9,염창역,,109.37,,,,
,개별,9,신목동역,,59.61,,,,
,개별,9,신목동역,,32.05,,,,
,개별,9,신목동역,,16.96,,,,
,개별,9,신목동역,,34.65,,,,
,개별,9,선유도역,,204.41,,,,
,개별,9,선유도역,,47.99,,,,
,개별,9,선유도역,,50.74,,,,
,개별,9,선유도역,,68.26,,,,
,개별,9,당산역,,37.8,,,,
,개별,9,당산역,,25.31,,,,
,개별,9,당산역,,25.31,,,,
,개별,9,당산역,,39.93,,,,
,개별,9,당산역,,31.2,,,,
,개별,9,당산역,,98.75,,,,
,개별,9,당산역,,25.2,,,,
,개별,9,당산역,,41.6,,,,
,개별,9,당산역,,56.6,,,,
,개별,9,당산역,,10.08,,,,
,개별,9,당산역,,10.1,,,,
,개별,9,국회의사당역,,71.22,,,,
,개별,9,국회의사당역,,20.26,,,,
,개별,9,국회의사당역,,10.14,,,,
,개별,9,국회의사당역,,10.13,,,,
,개별,9,국회의사당역,,65.05,,,,
,개별,9,국회의사당역,,154.46,,,,
,개별,9,국회의사당역,,26.03,,,,
,개별,9,국회의사당역,,120.82,,,,
,개별,9,국회의사당역,,80.35,,,,
,개별,9,여의도역,,105.84,,,,
,개별,9,여의도역,,10.1,,,,
,개별,9,여의도역,,11.2,,,,
,개별,9,샛강역,,33.23,,,,
,개별,9,샛강역,,38.67,,,,
,공실,9,샛강역,,27.31,,,,
,개별,9,샛강역,,43.92,,,,
,개별,9,샛강역,,29.65,,,,
,개별,9,노량진역,,48.58,,,,
,개별,9,노량진역,,34,,,,
,개별,9,노량진역,,33,,,,
,개별,9,노량진역,,22.06,,,,
,개별,9,노량진역,,33.33,,,,
,공실,9,노들역,,56.76,,,,
,개별,9,흑석역,,70.32,,,,
,개별,9,흑석역,,66.74,,,,
,개별,9,흑석역,,33.12,,,,
,개별,9,흑석역,,32.96,,,,
,개별,9,동작역,,23.8,,,,
,개별,9,동작역,,7.93,,,,
,개별,9,구반포역,,37.7,,,,
,개별,9,구반포역,,37.7,,,,
,개별,9,신반포역,,23.13,,,,
,개별,9,신반포역,,79.69,,,,
,개별,9,신반포역,,42.46,,,,
,개별,9,고속터미널역,,65.92,,,,
,개별,9,고속터미널역,,21.8,,,,
,개별,9,고속터미널역,,26.4,,,,
,개별,9,고속터미널역,,50.67,,,,
,개별,9,고속터미널역,,40.7,,,,
,개별,9,고속터미널역,,80.99,,,,
,공실,9,고속터미널역,,34.57,,,,
,개별,9,고속터미널역,,98.32,,,,
,개별,9,고속터미널역,,40,,,,
,개별,9,고속터미널역,,65.92,,,,
,개별,9,사평역,,222.32,,,,
,개별,9,사평역,,28.57,,,,
,개별,9,사평역,,97.05,,,,
,개별,9,사평역,,31.64,,,,
,개별,9,사평역,,31.19,,,,
,개별,9,사평역,,50.44,,,,
,개별,9,사평역,,98.93,,,,
,개별,9,사평역,,44.96,,,,
,개별,9,신논현역,,111.36,,,,
,개별,9,신논현역,,37.4,,,,
,개별,9,신논현역,,61.39,,,,
,개별,9,신논현역,,33.05,,,,
,개별,9,신논현역,,48.05,,,,
,개별,9,신논현역,,32.03,,,,
,개별,9,신논현역,,54.42,,,,
,개별,9,신논현역,,71.34,,,,
,개별,9,신논현역,,30.1,,,,
,개별,9,신논현역,,30.1,,,,
,개별,9,신논현역,,10.1,,,,
